Series Name,Series Code,Country Name,Country Code,2009 [YR2009],2010 [YR2010],2011 [YR2011],2012 [YR2012],2013 [YR2013],2014 [YR2014],2015 [YR2015],2016 [YR2016],2017 [YR2017],2018 [YR2018],2019 [YR2019],2020 [YR2020],2021 [YR2021],2022 [YR2022]
GDP per capita growth (annual %),NY.GDP.PCAP.KD.ZG,Bulgaria,BGR,-2.722415576,2.226078677,2.746910765,1.334066,0.015418847,1.524868111,4.059411408,3.751778785,3.499175549,3.439130063,4.770081953,-3.387987666,8.542609992,10.55971654
GDP per capita growth (annual %),NY.GDP.PCAP.KD.ZG,Romania,ROU,-4.726982601,-3.328750364,5.032437581,2.379752336,0.642981501,4.511416855,3.646553566,3.449295219,8.823700768,6.653765808,4.401721366,-3.145541561,6.500470523,5.007492942
GDP per capita growth (annual %),NY.GDP.PCAP.KD.ZG,Ireland,IRL,-6.054811966,1.130424127,0.84005622,-0.551990987,0.643273343,8.036357886,23.30469344,0.623252101,8.127668762,7.134773397,3.867450639,5.525612348,14.03228635,7.426581778
GDP per capita growth (annual %),NY.GDP.PCAP.KD.ZG,United Kingdom,GBR,-5.333719394,1.440384158,0.357726636,0.809511842,1.112855643,2.438574405,1.413498683,1.15154933,1.960020994,0.791214735,1.069833349,-10.68716802,8.763985823,4.43209513
GDP per capita growth (annual %),NY.GDP.PCAP.KD.ZG,Austria,AUT,-4.016340042,1.592577128,2.576448318,0.222450577,-0.562298943,-0.122370667,-0.11154019,0.89246914,1.550724086,1.92771306,1.000406953,-7.019825952,3.784719697,3.808956062
GDP per capita growth (annual %),NY.GDP.PCAP.KD.ZG,Belgium,BEL,-2.80592074,1.928764196,0.38003457,0.116402578,-0.013148386,1.128595725,1.451893368,0.755268919,1.228866236,1.330652227,1.689753689,-5.668223544,6.412098665,2.131765745
GDP per capita growth (annual %),NY.GDP.PCAP.KD.ZG,Croatia,HRV,-7.120409336,-1.018815391,0.262629793,-2.040946255,-0.119003006,-0.019187099,3.370931842,4.288081175,4.648482011,3.743125706,3.974293299,-8.194573488,18.73293447,6.992545209
GDP per capita growth (annual %),NY.GDP.PCAP.KD.ZG,Czechia,CZE,-5.198981919,2.136880484,1.55018979,-0.92373445,-0.079052895,2.154500479,5.181402654,2.340552261,4.889722042,2.875468527,2.624956267,-5.732526894,5.446369618,0.756400992
GDP per capita growth (annual %),NY.GDP.PCAP.KD.ZG,Denmark,DNK,-5.414013999,1.419486631,0.920393685,-0.149916088,0.513424428,1.105433466,1.622166258,2.443368874,2.162355113,1.485085157,1.130657494,-2.70866842,6.382444342,1.925341067
GDP per capita growth (annual %),NY.GDP.PCAP.KD.ZG,Estonia,EST,-14.46432838,2.678164039,7.589211665,3.59836216,1.820154161,3.281874814,1.786274694,3.125538305,5.664039082,3.423619058,3.354972439,-0.747277944,7.899032598,-2.597978226
GDP per capita growth (annual %),NY.GDP.PCAP.KD.ZG,Finland,FIN,-8.513028487,2.714966735,2.073396315,-1.865591174,-1.357215611,-0.776108383,0.21302942,2.516379895,2.950531373,1.00565417,1.113269092,-2.495122968,2.957288554,1.325876786
GDP per capita growth (annual %),NY.GDP.PCAP.KD.ZG,Germany,DEU,-5.454577169,4.339606777,5.869635737,0.230160993,0.163870563,1.784341886,0.617105353,1.408102075,2.297206047,0.678212594,0.847783197,-3.905303583,3.120162973,1.074951887
GDP per capita growth (annual %),NY.GDP.PCAP.KD.ZG,France,FRA,-3.370397283,1.448245262,1.700610402,-0.171161336,0.058149505,0.484564448,0.754024352,0.829056665,1.994998447,1.500539123,1.495898988,-7.791008509,6.131761316,2.142731649
GDP per capita growth (annual %),NY.GDP.PCAP.KD.ZG,Greece,GRC,-4.552117076,-5.599550191,-10.01628121,-6.582904449,-1.806551373,1.147211957,0.463652786,-0.072424584,1.29229029,1.874903163,1.986865767,-9.121627047,9.706769693,6.997744732
GDP per capita growth (annual %),NY.GDP.PCAP.KD.ZG,Hungary,HUN,-6.453066957,1.304958757,2.155897137,-0.738925918,2.083240769,4.513367768,3.954282613,2.503053362,4.549563298,5.496018792,4.911693525,-4.330016567,7.529706978,5.279300543
GDP per capita growth (annual %),NY.GDP.PCAP.KD.ZG,Italy,ITA,-5.711508383,1.400915343,0.53428744,-3.24206012,-2.9724038,-0.91781388,0.875477402,1.465690444,1.820333852,1.11781662,1.648503393,-8.529728276,8.873668267,4.063751284
GDP per capita growth (annual %),NY.GDP.PCAP.KD.ZG,Latvia,LVA,-12.83280312,-2.446157683,4.458446915,8.378223797,3.106379396,2.866362594,4.739182606,3.308434398,4.232116165,4.803913925,1.2892627,-2.834852807,7.635604104,3.639338327
GDP per capita growth (annual %),NY.GDP.PCAP.KD.ZG,Lithuania,LTU,-13.88775336,3.80531559,8.461109064,5.246002459,4.603327729,4.431087654,2.988912971,3.829841264,5.751046557,4.990353856,4.943100002,-0.051369085,6.058770896,1.325924176
GDP per capita growth (annual %),NY.GDP.PCAP.KD.ZG,Luxembourg,LUX,-5.014263013,1.88354731,-1.176797867,-0.76218341,0.814652309,0.232564441,-0.115476306,2.739791802,-1.116112962,-0.714325922,0.915465846,-2.547346107,5.553502169,-0.643838258
GDP per capita growth (annual %),NY.GDP.PCAP.KD.ZG,Malta,MLT,-1.876429626,5.026498887,0.042271314,3.185667141,4.002804766,5.505675834,7.023412441,1.042315636,7.874134262,3.730076267,2.931526293,-10.08825216,11.60408499,4.383977056
GDP per capita growth (annual %),NY.GDP.PCAP.KD.ZG,Netherlands,NLD,-4.161038495,0.824259853,1.078628274,-1.395919336,-0.424178694,1.059101254,1.508266184,1.649315547,2.304284733,1.764937264,1.289889121,-4.418555509,5.637405329,3.339098099
GDP per capita growth (annual %),NY.GDP.PCAP.KD.ZG,Norway,NOR,-3.169256285,-0.460631256,-0.197405953,1.377640901,-0.197883222,0.90376265,0.848799124,0.277407784,1.639507145,0.165560772,0.443398578,-1.857696109,3.344262233,2.353662135
GDP per capita growth (annual %),NY.GDP.PCAP.KD.ZG,Poland,POL,2.762525251,3.229049129,4.985722186,1.545464342,0.917452492,3.914705633,4.452883998,2.997773055,5.126896815,5.945420508,4.475505106,-1.848394827,7.365432848,7.905684443
GDP per capita growth (annual %),NY.GDP.PCAP.KD.ZG,Portugal,PRT,-3.214389967,1.690928415,-1.551468317,-3.667531416,-0.377398249,1.337119967,2.214482885,2.341823216,3.759094389,3.01412373,2.658392606,-8.39685501,5.076695014,6.336223763
GDP per capita growth (annual %),NY.GDP.PCAP.KD.ZG,Slovak Republic,SVK,-5.581436385,6.617228486,2.539157147,1.146520641,0.524660149,2.59757523,5.06728463,1.812607028,2.778454293,3.886398879,2.372623516,-3.418371978,5.011911889,2.040708666
GDP per capita growth (annual %),NY.GDP.PCAP.KD.ZG,Slovenia,SVN,-8.380319592,0.90277138,0.652023243,-2.84370502,-1.163520875,2.667134059,2.133258028,3.116346601,4.747106183,4.076316305,2.804350414,-4.880091909,7.937916227,2.271239311
GDP per capita growth (annual %),NY.GDP.PCAP.KD.ZG,Spain,ESP,-4.611747923,-0.297178904,-1.166203907,-3.021906537,-1.079741265,1.699352659,3.919117265,2.950815909,2.734475155,1.837460464,1.254631755,-11.6001893,6.290659445,4.968051244
GDP per capita growth (annual %),NY.GDP.PCAP.KD.ZG,Sweden,SWE,-5.151262729,5.052678573,2.418988511,-1.321002324,0.333984863,1.644244006,3.390176296,0.7961463,1.195147571,0.772577449,0.957561656,-2.87468419,5.511425193,2.134348839
GDP per capita growth (annual %),NY.GDP.PCAP.KD.ZG,Switzerland,CHE,-3.51055886,2.173638164,0.68733987,0.110596604,0.628360675,1.108693594,0.494129822,0.960131673,0.421326163,2.10552472,0.423089768,-2.854158322,4.588192118,1.7360013
Population growth (annual %),SP.POP.GROW,Bulgaria,BGR,-0.644281363,-0.658275447,-0.641228921,-0.579220596,-0.559647217,-0.568389264,-0.638069468,-0.701382098,-0.730443175,-0.722080405,-0.703905641,-0.600241518,-0.814846472,-6.187252982
Population growth (annual %),SP.POP.GROW,Romania,ROU,-0.833088755,-0.593959184,-0.491866213,-0.445177936,-0.371323063,-0.374575498,-0.470052228,-0.573660845,-0.578007015,-0.587493307,-0.526814822,-0.550759893,-0.746036479,-0.393250874
Population growth (annual %),SP.POP.GROW,Ireland,IRL,1.015663276,0.544884384,0.436072439,0.423743803,0.526556159,0.731001377,0.944845307,1.128834064,1.088675561,1.238875453,1.367626954,1.029110503,0.953878184,1.850503784
Population growth (annual %),SP.POP.GROW,United Kingdom,GBR,0.75639086,0.783888647,0.781506562,0.695353132,0.669740536,0.736463979,0.792367506,0.757874493,0.679374474,0.605929132,0.564131113,0.365758264,-0.081937241,-0.08193724
Population growth (annual %),SP.POP.GROW,Austria,AUT,0.26195319,0.2403943,0.337080842,0.455937472,0.589387255,0.781541633,1.120992502,1.081396299,0.694621104,0.487071925,0.444673639,0.415176732,0.435671684,0.956287797
Population growth (annual %),SP.POP.GROW,Belgium,BEL,0.804599573,0.913639392,1.301002902,0.620163579,0.471340144,0.443929288,0.579446242,0.506300002,0.385228018,0.455184695,0.540461327,0.430996815,0.411601997,0.856132433
Population growth (annual %),SP.POP.GROW,Croatia,HRV,-0.105027517,-0.226821271,-0.345264228,-0.305655945,-0.278509063,-0.407343185,-0.824099164,-0.698383457,-1.200610165,-0.893486928,-0.554146739,-0.433210221,-4.256648902,-0.605075153
Population growth (annual %),SP.POP.GROW,Czechia,CZE,0.569729451,0.291361674,0.206747667,0.139925656,0.033169946,0.105277582,0.196588748,0.192048416,0.265642664,0.334427262,0.393788864,0.243222682,-1.81187141,1.570972567
Population growth (annual %),SP.POP.GROW,Denmark,DNK,0.535079062,0.444197155,0.411737855,0.376272243,0.416901361,0.507053283,0.70642385,0.780392644,0.643350904,0.495838926,0.358130916,0.291641177,0.433414489,0.787502465
Population growth (annual %),SP.POP.GROW,Estonia,EST,-0.192768077,-0.228057969,-0.303582824,-0.357944411,-0.355891803,-0.262256175,0.06555253,0.029112226,0.121070631,0.348039138,0.371554389,0.197559185,0.105996956,1.336551511
Population growth (annual %),SP.POP.GROW,Finland,FIN,0.478246393,0.457494535,0.463558707,0.475809487,0.460723773,0.413560208,0.329383886,0.287421402,0.234670532,0.132641041,0.11019169,0.143641197,0.207288594,0.271944527
Population growth (annual %),SP.POP.GROW,Germany,DEU,-0.25338341,-0.153198447,-1.853714629,0.187727801,0.272900215,0.416877359,0.865702644,0.807218539,0.37372456,0.300526702,0.225519874,0.081693159,0.042327057,0.720875456
Population growth (annual %),SP.POP.GROW,France,FRA,0.513102876,0.492821126,0.482694782,0.48395349,0.516539661,0.468246342,0.35556924,0.263868789,0.290202116,0.358494582,0.341374143,0.271350508,0.285508619,0.305015247
Population growth (annual %),SP.POP.GROW,Greece,GRC,0.263026401,0.128880433,-0.147951277,-0.540752951,-0.725120807,-0.66611329,-0.658861361,-0.415913028,-0.197783225,-0.202880238,-0.105339393,-0.214592107,-1.21680249,-1.355394593
Population growth (annual %),SP.POP.GROW,Hungary,HUN,-0.154908814,-0.226013876,-0.283360436,-0.516437607,-0.275368757,-0.269378767,-0.237855002,-0.295110605,-0.265860932,-0.126786952,-0.04525571,-0.215067837,-0.413751024,-0.690781548
Population growth (annual %),SP.POP.GROW,Italy,ITA,0.45561345,0.307591222,0.171978291,0.26954124,1.159251117,0.917504096,-0.096376133,-0.169884073,-0.149861117,-0.19006364,-1.153028424,-0.487095092,-0.515599999,-0.326488181
Population growth (annual %),SP.POP.GROW,Latvia,LVA,-1.651024968,-2.08130509,-1.820767002,-1.240359153,-1.071034803,-0.941743354,-0.818626341,-0.913885332,-0.886215573,-0.779138396,-0.69523914,-0.701211571,-0.843294678,-0.271369578
Population growth (annual %),SP.POP.GROW,Lithuania,LTU,-1.110345754,-2.09694342,-2.258463899,-1.341201988,-1.012007368,-0.859827343,-0.940753797,-1.270694533,-1.398322201,-0.954190459,-0.264704355,0.026766758,0.21280543,1.09366808
Population growth (annual %),SP.POP.GROW,Luxembourg,LUX,1.85177523,1.825405804,2.222660503,2.4015419,2.311176253,2.356978705,2.359951181,2.155311988,2.430976418,1.928837514,1.96284492,1.666358674,1.518349367,2.016667902
Population growth (annual %),SP.POP.GROW,Malta,MLT,0.753906931,0.491182811,0.423700885,0.899209212,1.404050276,1.996754408,2.386395363,2.288615441,2.738662856,3.491955403,3.931356319,2.211207678,0.619810316,2.396534832
Population growth (annual %),SP.POP.GROW,Netherlands,NLD,0.514284545,0.512923101,0.466428782,0.370055035,0.294820793,0.359828173,0.443220089,0.53217888,0.591203366,0.583933409,0.655071575,0.55554079,0.523490508,0.953278923
Population growth (annual %),SP.POP.GROW,Norway,NOR,1.261127289,1.24566618,1.297189391,1.313440989,1.209141589,1.127736677,0.995084737,0.880969815,0.807673182,0.660090844,0.675061373,0.588757324,0.534772282,0.898395221
Population growth (annual %),SP.POP.GROW,Poland,POL,0.067763227,-0.285609122,0.053769709,-0.000239076,-0.060360017,-0.074846229,-0.066641101,-0.042985131,0.012480099,-0.000200133,-0.024427107,-0.175062058,-0.401728617,-2.482061133
Population growth (annual %),SP.POP.GROW,Portugal,PRT,0.095330859,0.045910037,-0.147084879,-0.405421788,-0.548815211,-0.539190467,-0.414141102,-0.315459017,-0.24388941,-0.160104021,0.023733495,0.105114125,0.626850165,0.460948936
Population growth (annual %),SP.POP.GROW,Slovak Republic,SVK,0.133257321,0.093191273,0.128936463,0.170183855,0.107458009,0.097045422,0.095033879,0.12892233,0.155178996,0.13850816,0.135328073,0.085769476,-0.212358808,-0.28486096
Population growth (annual %),SP.POP.GROW,Slovenia,SVN,0.903875535,0.436079485,0.207732702,0.210024306,0.135726229,0.098351922,0.075190689,0.073197207,0.065159039,0.362584395,0.696304046,0.669754656,0.26885197,0.185163078
Population growth (annual %),SP.POP.GROW,Spain,ESP,0.885735981,0.460408305,0.355338396,0.064925963,-0.32766904,-0.298951059,-0.077588862,0.08443015,0.234587923,0.437982994,0.717715637,0.488502132,0.105799194,0.761701877
Population growth (annual %),SP.POP.GROW,Sweden,SWE,0.851904413,0.852524629,0.755150134,0.739763272,0.847348652,0.992219729,1.057454686,1.256453985,1.34744506,1.16164516,1.013722263,0.722703913,0.600591533,0.680582868
Population growth (annual %),SP.POP.GROW,Switzerland,CHE,1.249484631,1.041558058,1.111878943,1.061819329,1.149879758,1.220103973,1.138337152,1.092031174,0.933155889,0.736633975,0.713313668,0.730676195,0.765501039,0.814795736
"Population, total",SP.POP.TOTL,Bulgaria,BGR,7444443,7395599,7348328,7305888,7265115,7223938,7177991,7127822,7075947,7025037,6975761,6934015,6877743,6465097
"Population, total",SP.POP.TOTL,Romania,ROU,20367487,20246871,20147528,20058035,19983693,19908979,19815616,19702267,19588715,19473970,19371648,19265250,19122059,19047009
"Population, total",SP.POP.TOTL,Ireland,IRL,4535375,4560155,4580084,4599533,4623816,4657740,4701957,4755335,4807388,4867316,4934340,4985382,5033164,5127170
"Population, total",SP.POP.TOTL,United Kingdom,GBR,62276270,62766365,63258810,63700215,64128273,64602298,65116219,65611593,66058859,66460344,66836327,67081234,67026292,66971395
"Population, total",SP.POP.TOTL,Austria,AUT,8343323,8363404,8391643,8429991,8479823,8546356,8642699,8736668,8797566,8840521,8879920,8916864,8955797,9041851
"Population, total",SP.POP.TOTL,Belgium,BEL,10796493,10895586,11038264,11106932,11159407,11209057,11274196,11331422,11375158,11427054,11488980,11538604,11586195,11685814
"Population, total",SP.POP.TOTL,Croatia,HRV,4305181,4295427,4280622,4267558,4255689,4238389,4203604,4174349,4124531,4087843,4065253,4047680,3879000,3855600
"Population, total",SP.POP.TOTL,Czechia,CZE,10443936,10474410,10496088,10510785,10514272,10525347,10546059,10566332,10594438,10629928,10671870,10697858,10505772,10672118
"Population, total",SP.POP.TOTL,Denmark,DNK,5523095,5547683,5570572,5591572,5614932,5643475,5683483,5728010,5764980,5793636,5814422,5831404,5856733,5903037
"Population, total",SP.POP.TOTL,Estonia,EST,1334515,1331475,1327439,1322696,1317997,1314545,1315407,1315790,1317384,1321977,1326898,1329522,1330932,1348840
"Population, total",SP.POP.TOTL,Finland,FIN,5338871,5363352,5388272,5413971,5438972,5461512,5479531,5495303,5508214,5515525,5521606,5529543,5541017,5556106
"Population, total",SP.POP.TOTL,Germany,DEU,81902307,81776930,80274983,80425823,80645605,80982500,81686611,82348669,82657002,82905782,83092962,83160871,83196078,83797985
"Population, total",SP.POP.TOTL,France,FRA,64710879,65030575,65345233,65662240,66002289,66312067,66548272,66724104,66918020,67158348,67388001,67571107,67764304,67971311
"Population, total",SP.POP.TOTL,Greece,GRC,11107017,11121341,11104899,11045011,10965211,10892413,10820883,10775971,10754679,10732882,10721582,10698599,10569207,10426919
"Population, total",SP.POP.TOTL,Hungary,HUN,10022650,10000023,9971727,9920362,9893082,9866468,9843028,9814023,9787966,9775564,9771141,9750149,9709891,9643048
"Population, total",SP.POP.TOTL,Italy,ITA,59095365,59277417,59379449,59539717,60233948,60789140,60730582,60627498,60536709,60421760,59729081,59438851,59133173,58940425
"Population, total",SP.POP.TOTL,Latvia,LVA,2141669,2097555,2059709,2034319,2012647,1993782,1977527,1959537,1942248,1927174,1913822,1900449,1884490,1879383
"Population, total",SP.POP.TOTL,Lithuania,LTU,3162916,3097282,3028115,2987773,2957689,2932367,2904910,2868231,2828403,2801543,2794137,2794885,2800839,2831639
"Population, total",SP.POP.TOTL,Luxembourg,LUX,497783,506953,518347,530946,543360,556319,569604,582014,596336,607950,620001,630419,640064,653103
"Population, total",SP.POP.TOTL,Malta,MLT,412477,414508,416268,420028,425967,434558,445053,455356,467999,484630,504062,515332,518536,531113
"Population, total",SP.POP.TOTL,Netherlands,NLD,16530388,16615394,16693074,16754962,16804432,16865008,16939923,17030314,17131296,17231624,17344874,17441500,17533044,17700982
"Population, total",SP.POP.TOTL,Norway,NOR,4828726,4889252,4953088,5018573,5079623,5137232,5188607,5234519,5276968,5311916,5347896,5379475,5408320,5457127
"Population, total",SP.POP.TOTL,Poland,POL,38151603,38042794,38063255,38063164,38040196,38011735,37986412,37970087,37974826,37974750,37965475,37899070,37747124,36821749
"Population, total",SP.POP.TOTL,Portugal,PRT,10568247,10573100,10557560,10514844,10457295,10401062,10358076,10325452,10300300,10283822,10286263,10297081,10361831,10409704
"Population, total",SP.POP.TOTL,Slovak Republic,SVK,5386406,5391428,5398384,5407579,5413393,5418649,5423801,5430798,5439232,5446771,5454147,5458827,5447247,5431752
"Population, total",SP.POP.TOTL,Slovenia,SVN,2039669,2048583,2052843,2057159,2059953,2061980,2063531,2065042,2066388,2073894,2088385,2102419,2108079,2111986
"Population, total",SP.POP.TOTL,Spain,ESP,46362946,46576897,46742697,46773055,46620045,46480882,46444832,46484062,46593236,46797754,47134837,47365655,47415794,47778340
"Population, total",SP.POP.TOTL,Sweden,SWE,9298515,9378126,9449213,9519374,9600379,9696110,9799186,9923085,10057698,10175214,10278887,10353442,10415811,10486941
"Population, total",SP.POP.TOTL,Switzerland,CHE,7743831,7824909,7912398,7996861,8089346,8188649,8282396,8373338,8451840,8514329,8575280,8638167,8704546,8775760
Net migration,SM.POP.NETM,Bulgaria,BGR,-6997,-8686,-11262,-13770,-15243,-15527,-15356,-14947,-13560,-12115,-11439,-9902,-8716,..
Net migration,SM.POP.NETM,Romania,ROU,-129392,-112173,-47867,-21485,-13890,-20445,-49612,-64002,-58735,-57865,-25453,-12724,-12724,..
Net migration,SM.POP.NETM,Ireland,IRL,-18556,-27110,-26351,-22002,-12015,714,13130,18978,29200,33647,29113,15320,15320,..
Net migration,SM.POP.NETM,United Kingdom,GBR,284800,281588,277521,272601,268067,261389,254218,246940,239014,230577,221179,211063,202027,..
Net migration,SM.POP.NETM,Austria,AUT,17121,22786,31665,44891,56494,74263,115125,66282,45573,35404,41105,20314,20314,..
Net migration,SM.POP.NETM,Belgium,BEL,53385,54611,55511,56227,56755,57103,57008,56781,56248,55439,54395,53428,52356,..
Net migration,SM.POP.NETM,Croatia,HRV,-3675,-5624,-8241,-10440,-11833,-12849,-13408,-13569,-13654,-13171,-12480,-11592,-10402,..
Net migration,SM.POP.NETM,Czechia,CZE,31317,34805,16409,10308,-1553,5009,5297,-300,2809,3193,4030,3621,3621,..
Net migration,SM.POP.NETM,Denmark,DNK,15469,17037,18519,19732,20779,21670,22368,22859,23188,23337,23305,23076,22746,..
Net migration,SM.POP.NETM,Estonia,EST,-1939,-3759,-3929,-3646,-2650,-562,4308,1164,5329,7229,5410,2995,2995,..
Net migration,SM.POP.NETM,Finland,FIN,14757,14053,16712,17620,18026,15950,12433,17210,13307,11646,15558,17482,14928,..
Net migration,SM.POP.NETM,Germany,DEU,240968,267047,293051,317082,342555,369027,397921,432017,430803,392587,360560,334055,312735,..
Net migration,SM.POP.NETM,France,FRA,108940,86355,65188,49080,36552,26585,18807,14729,13175,14391,17403,18335,20614,..
Net migration,SM.POP.NETM,Greece,GRC,-23831,-25002,-26257,-30036,-31535,-30228,-29315,-27234,-25061,-23600,-21581,-17853,-14806,..
Net migration,SM.POP.NETM,Hungary,HUN,19182,11394,889,16048,5296,11571,14166,-982,18044,31976,33559,9042,19870,..
Net migration,SM.POP.NETM,Italy,ITA,280126,270043,195257,249033,154366,50102,34031,49591,70475,75863,21615,28021,28021,..
Net migration,SM.POP.NETM,Latvia,LVA,-15152,-14321,-13447,-12981,-12505,-11830,-11163,-10340,-9498,-8632,-7903,-7381,-6815,..
Net migration,SM.POP.NETM,Lithuania,LTU,-30706,-28864,-26445,-24664,-22781,-20883,-18912,-17334,-15937,-14451,-13398,-12625,-11853,..
Net migration,SM.POP.NETM,Luxembourg,LUX,6745,7793,10787,10251,10553,11181,11373,12535,9563,10096,10365,6952,6949,..
Net migration,SM.POP.NETM,Malta,MLT,1774,3049,4806,6167,7348,8474,9443,10239,10836,11180,11247,10854,10408,..
Net migration,SM.POP.NETM,Netherlands,NLD,28780,35628,41782,46924,51268,54876,57677,59528,60585,60758,60266,58816,57439,..
Net migration,SM.POP.NETM,Norway,NOR,39234,42906,47281,47786,40480,38565,30329,26425,21584,18388,25564,10756,10604,..
Net migration,SM.POP.NETM,Poland,POL,14220,-8835,-12188,-12077,-27597,-24234,-25426,-1967,-1983,-8736,-2974,-779,-2968,..
Net migration,SM.POP.NETM,Portugal,PRT,15657,-11820,-24048,-37448,-36657,-30033,-10124,-8128,5244,10177,43656,40535,27295,..
Net migration,SM.POP.NETM,Slovak Republic,SVK,1148,-1558,-1855,2629,1279,1058,2637,3682,3542,3752,3378,1746,1746,..
Net migration,SM.POP.NETM,Slovenia,SVN,7660,7640,390,219,210,-225,7934,7684,7460,7559,7427,7681,4568,..
Net migration,SM.POP.NETM,Spain,ESP,130589,62782,57170,-144619,-254292,-94869,-871,89021,167475,339064,458942,208791,275022,..
Net migration,SM.POP.NETM,Sweden,SWE,55405,60639,65397,69451,72873,75670,77987,79667,80765,81492,81585,81066,80097,..
Net migration,SM.POP.NETM,Switzerland,CHE,69106,75604,66975,67464,83892,77880,71488,70637,45208,40899,43546,53786,23872,..
"Unemployment, total (% of total labor force) (national estimate)",SL.UEM.TOTL.NE.ZS,Bulgaria,BGR,6.817,10.279,11.26,12.27,12.941,11.424,9.143,7.575,6.164,5.212,4.23,5.125,5.267,4.268
"Unemployment, total (% of total labor force) (national estimate)",SL.UEM.TOTL.NE.ZS,Romania,ROU,6.859,6.959,7.177,6.794,7.096,6.802,6.812,5.901,4.927,4.187,3.912,5.035,5.59,5.614
"Unemployment, total (% of total labor force) (national estimate)",SL.UEM.TOTL.NE.ZS,Ireland,IRL,12.609,14.534,15.354,15.451,13.735,11.858,9.908,8.374,6.713,5.741,4.95,5.623,6.194,4.479
"Unemployment, total (% of total labor force) (national estimate)",SL.UEM.TOTL.NE.ZS,United Kingdom,GBR,7.537,7.787,8.038,7.885,7.525,6.11,5.301,4.81,4.33,3.996,3.737,..,..,..
"Unemployment, total (% of total labor force) (national estimate)",SL.UEM.TOTL.NE.ZS,Austria,AUT,5.371,4.883,4.637,4.909,5.367,5.674,5.802,6.064,5.561,4.933,4.56,5.201,6.459,4.992
"Unemployment, total (% of total labor force) (national estimate)",SL.UEM.TOTL.NE.ZS,Belgium,BEL,7.908,8.293,7.14,7.542,8.425,8.523,8.482,7.83,7.086,5.948,5.36,5.555,6.264,5.558
"Unemployment, total (% of total labor force) (national estimate)",SL.UEM.TOTL.NE.ZS,Croatia,HRV,9.202,11.62,13.678,15.935,17.251,17.29,16.175,13.103,11.208,8.432,6.617,7.507,7.608,6.96
"Unemployment, total (% of total labor force) (national estimate)",SL.UEM.TOTL.NE.ZS,Czechia,CZE,6.662,7.281,6.712,6.979,6.953,6.108,5.048,3.952,2.893,2.246,2.015,2.551,2.803,2.224
"Unemployment, total (% of total labor force) (national estimate)",SL.UEM.TOTL.NE.ZS,Denmark,DNK,6.409,7.747,7.769,7.798,7.384,6.925,6.278,5.989,5.833,5.131,5.018,5.637,5.043,4.434
"Unemployment, total (% of total labor force) (national estimate)",SL.UEM.TOTL.NE.ZS,Estonia,EST,13.548,16.707,12.328,10.021,8.631,7.352,6.187,6.762,5.76,5.366,4.448,6.804,6.178,5.571
"Unemployment, total (% of total labor force) (national estimate)",SL.UEM.TOTL.NE.ZS,Finland,FIN,8.25,8.394,7.781,7.689,8.193,8.663,9.376,8.818,8.64,7.361,6.695,7.759,7.606,6.719
"Unemployment, total (% of total labor force) (national estimate)",SL.UEM.TOTL.NE.ZS,Germany,DEU,7.742,6.967,5.825,5.379,5.231,4.981,4.624,4.122,3.746,3.384,3.136,3.856,3.638,3.135
"Unemployment, total (% of total labor force) (national estimate)",SL.UEM.TOTL.NE.ZS,France,FRA,9.122,9.279,9.228,9.841,9.913,10.273,10.354,10.057,9.41,9.018,8.415,8.01,7.874,7.308
"Unemployment, total (% of total labor force) (national estimate)",SL.UEM.TOTL.NE.ZS,Greece,GRC,9.546,12.719,17.973,24.731,27.686,26.708,24.981,23.514,21.414,19.179,17.045,15.899,14.657,12.426
"Unemployment, total (% of total labor force) (national estimate)",SL.UEM.TOTL.NE.ZS,Hungary,HUN,10.03,11.172,11.029,11.003,10.177,7.725,6.813,5.115,4.156,3.709,3.419,4.25,4.045,3.609
"Unemployment, total (% of total labor force) (national estimate)",SL.UEM.TOTL.NE.ZS,Italy,ITA,7.749,8.363,8.359,10.655,12.149,12.683,11.896,11.688,11.211,10.61,9.952,9.164,9.497,8.069
"Unemployment, total (% of total labor force) (national estimate)",SL.UEM.TOTL.NE.ZS,Latvia,LVA,17.515,19.482,16.206,15.047,11.867,10.846,9.873,9.643,8.715,7.412,6.312,8.098,7.513,6.815
"Unemployment, total (% of total labor force) (national estimate)",SL.UEM.TOTL.NE.ZS,Lithuania,LTU,13.785,17.814,15.39,13.365,11.77,10.698,9.12,7.862,7.073,6.147,6.255,8.487,7.112,5.956
"Unemployment, total (% of total labor force) (national estimate)",SL.UEM.TOTL.NE.ZS,Luxembourg,LUX,5.122,4.361,4.902,5.14,5.848,5.852,6.669,6.291,5.522,5.585,5.595,6.773,5.247,4.585
"Unemployment, total (% of total labor force) (national estimate)",SL.UEM.TOTL.NE.ZS,Malta,MLT,6.889,6.847,6.378,6.196,6.106,5.725,5.379,4.687,4.002,3.658,3.616,4.347,3.394,2.922
"Unemployment, total (% of total labor force) (national estimate)",SL.UEM.TOTL.NE.ZS,Netherlands,NLD,4.347,4.989,4.977,5.821,7.243,7.416,6.873,6.006,4.839,3.831,3.38,3.819,4.21,3.524
"Unemployment, total (% of total labor force) (national estimate)",SL.UEM.TOTL.NE.ZS,Norway,NOR,3.103,3.521,3.215,3.123,3.423,3.484,4.296,4.679,4.162,3.8,3.687,4.422,4.369,3.233
"Unemployment, total (% of total labor force) (national estimate)",SL.UEM.TOTL.NE.ZS,Poland,POL,8.167,9.637,9.632,10.088,10.326,8.99,7.501,6.161,4.888,3.846,3.277,3.162,3.363,2.886
"Unemployment, total (% of total labor force) (national estimate)",SL.UEM.TOTL.NE.ZS,Portugal,PRT,9.432,10.771,12.682,15.531,16.188,13.897,12.447,11.068,8.869,6.994,6.464,6.796,6.577,6.011
"Unemployment, total (% of total labor force) (national estimate)",SL.UEM.TOTL.NE.ZS,Slovak Republic,SVK,12.023,14.387,13.634,13.966,14.227,11.537,11.492,9.679,8.142,6.544,5.761,6.719,6.894,6.143
"Unemployment, total (% of total labor force) (national estimate)",SL.UEM.TOTL.NE.ZS,Slovenia,SVN,5.889,7.263,8.201,8.883,10.14,9.719,8.997,8.018,6.574,5.126,4.453,4.991,4.744,4.011
"Unemployment, total (% of total labor force) (national estimate)",SL.UEM.TOTL.NE.ZS,Spain,ESP,17.857,19.86,21.391,24.788,26.094,24.442,22.058,19.635,17.224,15.255,14.104,15.532,14.781,12.917
"Unemployment, total (% of total labor force) (national estimate)",SL.UEM.TOTL.NE.ZS,Sweden,SWE,8.351,8.61,7.804,7.976,8.052,7.954,7.432,6.99,6.718,6.365,6.833,8.291,8.722,7.392
"Unemployment, total (% of total labor force) (national estimate)",SL.UEM.TOTL.NE.ZS,Switzerland,CHE,4.109,4.808,4.409,4.491,4.747,4.826,4.801,4.918,4.797,4.713,4.394,4.817,5.097,4.3
"Unemployment, total (% of total labor force) (modeled ILO estimate)",SL.UEM.TOTL.ZS,Bulgaria,BGR,6.82,10.28,11.26,12.27,12.94,11.42,9.14,7.57,6.16,5.21,4.23,5.12,5.27,4.402
"Unemployment, total (% of total labor force) (modeled ILO estimate)",SL.UEM.TOTL.ZS,Romania,ROU,6.86,6.96,7.18,6.79,7.1,6.8,6.81,5.9,4.93,4.19,3.91,5.03,5.59,5.436
"Unemployment, total (% of total labor force) (modeled ILO estimate)",SL.UEM.TOTL.ZS,Ireland,IRL,12.61,14.53,15.35,15.45,13.73,11.86,9.91,8.37,6.71,5.74,4.95,5.62,6.19,4.362
"Unemployment, total (% of total labor force) (modeled ILO estimate)",SL.UEM.TOTL.ZS,United Kingdom,GBR,7.54,7.79,8.04,7.88,7.52,6.11,5.3,4.81,4.33,4,3.74,4.472,4.826,3.571
"Unemployment, total (% of total labor force) (modeled ILO estimate)",SL.UEM.TOTL.ZS,Austria,AUT,5.3,4.82,4.56,4.87,5.34,5.62,5.72,6.01,5.5,4.85,4.49,5.36,6.18,4.707
"Unemployment, total (% of total labor force) (modeled ILO estimate)",SL.UEM.TOTL.ZS,Belgium,BEL,7.91,8.29,7.14,7.54,8.43,8.52,8.48,7.83,7.09,5.95,5.36,5.55,6.26,5.631
"Unemployment, total (% of total labor force) (modeled ILO estimate)",SL.UEM.TOTL.ZS,Croatia,HRV,9.2,11.62,13.68,15.93,17.25,17.29,16.18,13.1,11.21,8.43,6.62,7.51,7.61,6.746
"Unemployment, total (% of total labor force) (modeled ILO estimate)",SL.UEM.TOTL.ZS,Czechia,CZE,6.66,7.28,6.71,6.98,6.95,6.11,5.05,3.95,2.89,2.24,2.01,2.55,2.81,2.37
"Unemployment, total (% of total labor force) (modeled ILO estimate)",SL.UEM.TOTL.ZS,Denmark,DNK,6.41,7.75,7.77,7.8,7.38,6.93,6.28,5.99,5.83,5.13,5.02,5.64,5.06,4.172
"Unemployment, total (% of total labor force) (modeled ILO estimate)",SL.UEM.TOTL.ZS,Estonia,EST,13.55,16.71,12.33,10.02,8.63,7.35,6.41,6.88,5.81,5.41,4.51,6.96,6.18,5.851
"Unemployment, total (% of total labor force) (modeled ILO estimate)",SL.UEM.TOTL.ZS,Finland,FIN,8.25,8.39,7.78,7.69,8.19,8.66,9.38,8.82,8.64,7.36,6.69,7.76,7.61,6.801
"Unemployment, total (% of total labor force) (modeled ILO estimate)",SL.UEM.TOTL.ZS,Germany,DEU,7.74,6.97,5.82,5.38,5.23,4.98,4.62,4.12,3.75,3.38,3.14,3.86,3.57,2.989
"Unemployment, total (% of total labor force) (modeled ILO estimate)",SL.UEM.TOTL.ZS,France,FRA,8.74,8.87,8.81,9.4,9.92,10.29,10.35,10.05,9.41,9.02,8.41,8.01,7.86,7.445
"Unemployment, total (% of total labor force) (modeled ILO estimate)",SL.UEM.TOTL.ZS,Greece,GRC,9.62,12.71,17.86,24.44,27.47,26.49,24.9,23.54,21.49,19.29,17.31,16.31,14.71,12.162
"Unemployment, total (% of total labor force) (modeled ILO estimate)",SL.UEM.TOTL.ZS,Hungary,HUN,10.03,11.17,11.03,11,10.18,7.73,6.81,5.11,4.16,3.71,3.42,4.25,4.05,3.423
"Unemployment, total (% of total labor force) (modeled ILO estimate)",SL.UEM.TOTL.ZS,Italy,ITA,7.75,8.36,8.36,10.65,12.15,12.68,11.9,11.69,11.21,10.61,9.95,9.16,9.5,8.094
"Unemployment, total (% of total labor force) (modeled ILO estimate)",SL.UEM.TOTL.ZS,Latvia,LVA,17.51,19.48,16.21,15.05,11.87,10.85,9.87,9.64,8.72,7.41,6.31,8.1,7.51,6.429
"Unemployment, total (% of total labor force) (modeled ILO estimate)",SL.UEM.TOTL.ZS,Lithuania,LTU,13.79,17.81,15.39,13.36,11.77,10.7,9.12,7.86,7.07,6.15,6.26,8.49,7.11,5.569
"Unemployment, total (% of total labor force) (modeled ILO estimate)",SL.UEM.TOTL.ZS,Luxembourg,LUX,5.12,4.36,4.9,5.14,5.85,5.85,6.67,6.29,5.52,5.59,5.59,6.77,5.25,4.698
"Unemployment, total (% of total labor force) (modeled ILO estimate)",SL.UEM.TOTL.ZS,Malta,MLT,6.89,6.85,6.38,6.2,6.11,5.73,5.38,4.69,4,3.66,3.62,4.35,3.53,2.813
"Unemployment, total (% of total labor force) (modeled ILO estimate)",SL.UEM.TOTL.ZS,Netherlands,NLD,4.35,4.99,4.98,5.82,7.24,7.42,6.87,6.01,4.84,3.83,3.38,3.82,4.21,3.538
"Unemployment, total (% of total labor force) (modeled ILO estimate)",SL.UEM.TOTL.ZS,Norway,NOR,3.1,3.52,3.21,3.12,3.42,3.48,4.3,4.68,4.16,3.8,3.69,4.42,4.37,3.171
"Unemployment, total (% of total labor force) (modeled ILO estimate)",SL.UEM.TOTL.ZS,Poland,POL,8.17,9.64,9.63,10.09,10.33,8.99,7.5,6.16,4.89,3.85,3.28,3.16,3.36,2.602
"Unemployment, total (% of total labor force) (modeled ILO estimate)",SL.UEM.TOTL.ZS,Portugal,PRT,9.43,10.77,12.68,15.53,16.19,13.9,12.45,11.07,8.87,6.99,6.46,6.8,6.58,5.781
"Unemployment, total (% of total labor force) (modeled ILO estimate)",SL.UEM.TOTL.ZS,Slovak Republic,SVK,12.03,14.38,13.62,13.96,14.22,13.18,11.48,9.67,8.13,6.54,5.75,6.69,6.83,6.094
"Unemployment, total (% of total labor force) (modeled ILO estimate)",SL.UEM.TOTL.ZS,Slovenia,SVN,5.86,7.24,8.17,8.84,10.1,9.67,8.96,8,6.56,5.11,4.45,4.97,4.74,4.18
"Unemployment, total (% of total labor force) (modeled ILO estimate)",SL.UEM.TOTL.ZS,Spain,ESP,17.86,19.86,21.39,24.79,26.09,24.44,22.06,19.64,17.22,15.25,14.1,15.53,14.78,13.009
"Unemployment, total (% of total labor force) (modeled ILO estimate)",SL.UEM.TOTL.ZS,Sweden,SWE,8.35,8.61,7.8,7.98,8.05,7.95,7.43,6.99,6.72,6.36,6.83,8.29,8.72,7.358
"Unemployment, total (% of total labor force) (modeled ILO estimate)",SL.UEM.TOTL.ZS,Switzerland,CHE,4.11,4.81,4.41,4.49,4.75,4.83,4.8,4.92,4.8,4.71,4.39,4.82,5.1,4.202
Refugee population by country or territory of asylum,SM.POP.REFG,France,FRA,196364,200687,210207,217865,232487,252248,273117,304527,337158,368345,407915,436055,499914,612934
Refugee population by country or territory of asylum,SM.POP.REFG,Germany,DEU,593787,594250,571672,589735,187545,216956,316098,669468,970357,1063835,1146682,1210596,1255694,2075445
Refugee population by country or territory of asylum,SM.POP.REFG,Czechia,CZE,2299,2424,2424,2780,2966,3129,3640,3640,3640,2186,2054,1919,1909,435212
Refugee population by country or territory of asylum,SM.POP.REFG,Estonia,EST,16,31,34,48,52,82,158,312,405,319,331,277,321,40806
Refugee population by country or territory of asylum,SM.POP.REFG,Finland,FIN,7448,8721,9170,9910,11242,11783,12692,18402,20793,22287,23458,23428,24078,69553
Refugee population by country or territory of asylum,SM.POP.REFG,Luxembourg,LUX,3230,3254,2855,2910,901,1091,1306,2020,2020,2020,2548,5158,6011,11952
Refugee population by country or territory of asylum,SM.POP.REFG,Netherlands,NLD,75996,74948,74587,71893,74700,82483,88518,101727,103843,101824,94417,95897,99585,218457
Refugee population by country or territory of asylum,SM.POP.REFG,Norway,NOR,37806,40245,40671,42805,46088,47025,50377,59512,59230,57004,53882,49653,46042,75311
Refugee population by country or territory of asylum,SM.POP.REFG,Portugal,PRT,383,368,399,473,596,704,851,1189,1619,2130,2375,2405,2651,59777
Refugee population by country or territory of asylum,SM.POP.REFG,Slovenia,SVN,281,315,134,169,202,251,284,454,611,746,741,823,839,8705
Refugee population by country or territory of asylum,SM.POP.REFG,Sweden,SWE,81346,82620,86603,92869,114172,142197,169516,230158,240954,248210,253787,248372,240854,277726
Refugee population by country or territory of asylum,SM.POP.REFG,United Kingdom,GBR,269355,238133,193494,149790,126036,117226,123051,118973,121821,126708,133083,132304,137078,328989
Refugee population by country or territory of asylum,SM.POP.REFG,Switzerland,CHE,46204,48813,50401,50733,52448,62596,73326,82668,93030,104011,110162,115798,118829,182474
Refugee population by country or territory of asylum,SM.POP.REFG,Spain,ESP,3960,3814,4220,4502,4641,5797,6447,12983,17541,20437,57751,103624,122539,317751
Refugee population by country or territory of asylum,SM.POP.REFG,Slovak Republic,SVK,387,451,535,650,691,791,816,980,912,938,965,1006,1046,96563
Refugee population by country or territory of asylum,SM.POP.REFG,Romania,ROU,1065,1019,1003,1263,1747,2171,2581,2880,3911,4134,3860,3581,4200,105621
Refugee population by country or territory of asylum,SM.POP.REFG,Poland,POL,15299,15537,15834,15897,16428,15730,14057,11738,12225,12495,12658,2771,4875,971129
Refugee population by country or territory of asylum,SM.POP.REFG,Lithuania,LTU,790,808,824,871,918,1007,1094,1284,1577,1731,1822,1880,1880,67638
Refugee population by country or territory of asylum,SM.POP.REFG,Latvia,LVA,40,60,88,113,149,168,193,340,653,664,665,637,705,39055
Refugee population by country or territory of asylum,SM.POP.REFG,Ireland,IRL,9561,9099,8234,6309,5991,5832,6108,5720,6394,6012,7795,9035,9571,81256
Refugee population by country or territory of asylum,SM.POP.REFG,Italy,ITA,54962,56402,58066,64782,76248,93712,118036,147362,167330,189227,207602,128033,144862,296181
Refugee population by country or territory of asylum,SM.POP.REFG,Hungary,HUN,6041,5400,5085,4034,2422,2854,4383,4736,5671,6019,5750,5838,5676,35370
Refugee population by country or territory of asylum,SM.POP.REFG,Greece,GRC,1700,1443,1566,2090,3468,10292,24831,46411,38988,61446,80454,103101,119650,160761
Refugee population by country or territory of asylum,SM.POP.REFG,Denmark,DNK,20340,17907,13386,11797,13153,17767,27312,33501,35668,36623,37533,36643,36023,67772
Refugee population by country or territory of asylum,SM.POP.REFG,Croatia,HRV,1240,933,818,722,679,724,517,300,508,787,916,956,1020,20638
Refugee population by country or territory of asylum,SM.POP.REFG,Bulgaria,BGR,5375,5519,5676,2273,4305,11026,16543,17794,19166,19906,20438,21113,22830,176297
Refugee population by country or territory of asylum,SM.POP.REFG,Belgium,BEL,15536,17891,22396,22023,25617,29170,35302,42158,42158,42158,61662,64973,74063,151408
Refugee population by country or territory of asylum,SM.POP.REFG,Austria,AUT,38895,42613,47055,51707,55575,60724,72198,93242,115252,128779,135951,141816,152514,258613
Tax revenue (% of GDP),GC.TAX.TOTL.GD.ZS,France,FRA,20.70142768,21.95265949,21.81649646,22.53074008,23.21091787,23.16141532,23.19771546,23.0648275,23.62933465,24.17084372,24.51466278,24.63845525,23.95638415,..
Tax revenue (% of GDP),GC.TAX.TOTL.GD.ZS,Germany,DEU,11.61493705,11.19029793,11.48138523,11.62298611,11.61150337,11.4825632,11.47872896,11.29612025,11.41912242,11.45698198,11.40577011,10.56758321,11.17657466,..
Tax revenue (% of GDP),GC.TAX.TOTL.GD.ZS,Czechia,CZE,13.57022193,13.65075748,14.52026341,14.92876345,15.08116108,14.42965406,14.76956046,14.91277755,15.00552855,14.83340329,14.76876967,14.36691503,13.36103801,..
Tax revenue (% of GDP),GC.TAX.TOTL.GD.ZS,Estonia,EST,21.52102314,19.82395754,19.24387321,19.95207595,20.1672231,20.74737186,21.64006429,21.77469007,20.94180933,20.95921299,21.29295356,20.69107491,21.42470548,..
Tax revenue (% of GDP),GC.TAX.TOTL.GD.ZS,Finland,FIN,18.88284263,18.60127669,20.01787897,20.13559693,20.64349724,20.63152197,20.47070511,20.81344992,20.73388982,20.82437399,20.66847885,19.86699603,20.62824054,..
Tax revenue (% of GDP),GC.TAX.TOTL.GD.ZS,Luxembourg,LUX,23.83910852,23.81784044,23.98704785,24.42782715,24.55226696,24.74515711,23.32185937,23.76750967,24.51814705,26.64459391,26.45371219,25.23022385,26.1142778,..
Tax revenue (% of GDP),GC.TAX.TOTL.GD.ZS,Netherlands,NLD,20.94433473,20.98619027,20.22944251,19.40774864,19.69209479,20.63642861,21.16062422,21.90511014,23.08554134,23.0563304,24.04548278,24.37321884,24.35092644,..
Tax revenue (% of GDP),GC.TAX.TOTL.GD.ZS,Norway,NOR,25.84735411,26.74376696,27.5519417,26.87254323,25.01013644,23.41203172,22.08854882,21.96037593,22.29004036,23.31360593,23.2830044,21.25318677,25.746886,..
Tax revenue (% of GDP),GC.TAX.TOTL.GD.ZS,Portugal,PRT,19.0577021,19.64280941,21.13333912,20.7701624,22.66209209,22.64739907,22.78871911,22.33199325,22.37058798,22.65334671,22.20119201,22.02092173,22.00605222,..
Tax revenue (% of GDP),GC.TAX.TOTL.GD.ZS,Slovenia,SVN,17.99715112,18.05730237,17.83916427,17.86731691,17.89986941,18.16881795,18.49388308,18.60665782,18.33812242,18.52078685,18.31594165,16.87632939,18.27079156,..
Tax revenue (% of GDP),GC.TAX.TOTL.GD.ZS,Sweden,SWE,27.23353846,27.39951886,26.6327334,26.30391073,26.46754063,26.51489081,27.13684171,28.1205047,28.12738509,27.9091466,27.41270183,26.73438208,27.21465808,..
Tax revenue (% of GDP),GC.TAX.TOTL.GD.ZS,United Kingdom,GBR,24.17287684,25.27327356,25.82422606,25.08719361,25.12011883,24.86520907,25.0491664,25.4399755,25.58226194,25.53091942,25.08893555,24.80050259,26.22089691,..
Tax revenue (% of GDP),GC.TAX.TOTL.GD.ZS,Switzerland,CHE,9.348527987,9.364008039,9.321952188,9.169074742,9.256214099,9.087339532,9.556179017,9.404603141,10.06163529,9.691023945,9.907169187,9.34487115,10.09367726,..
Tax revenue (% of GDP),GC.TAX.TOTL.GD.ZS,Spain,ESP,..,..,..,11.76292595,13.61174985,14.13527689,14.19962304,13.78878699,13.71493309,14.22575235,13.74863209,13.56931573,15.03260274,..
Tax revenue (% of GDP),GC.TAX.TOTL.GD.ZS,Slovak Republic,SVK,15.52330827,15.00358024,15.96944891,15.51610629,16.69272489,17.43578416,18.10789795,18.09177304,18.56587084,18.5467404,18.78383561,18.63766867,19.30212142,..
Tax revenue (% of GDP),GC.TAX.TOTL.GD.ZS,Romania,ROU,15.27283015,16.24268072,17.21630311,17.15721394,17.76146056,17.93983163,18.918309,17.1121252,15.58666386,14.38335468,14.5605552,14.18428627,14.96384882,..
Tax revenue (% of GDP),GC.TAX.TOTL.GD.ZS,Poland,POL,16.0518941,16.62097872,16.78013132,16.09956726,15.74773975,15.71572054,15.70990024,16.32059054,16.85409579,17.35518263,17.33648184,17.47781554,19.15158351,..
Tax revenue (% of GDP),GC.TAX.TOTL.GD.ZS,Lithuania,LTU,17.0401288,15.96497347,15.48237695,15.52996015,15.60121464,15.83633785,16.69486269,16.93159775,16.65064705,16.78390655,19.9659267,19.98001451,21.27070937,..
Tax revenue (% of GDP),GC.TAX.TOTL.GD.ZS,Latvia,LVA,18.67103586,19.65781233,20.59910874,21.07577017,21.74880717,22.04827185,22.38843612,23.50389781,23.4795128,22.82673718,21.33922664,22.03580128,21.92269391,..
Tax revenue (% of GDP),GC.TAX.TOTL.GD.ZS,Ireland,IRL,22.06237631,21.83998659,21.84251898,22.51982211,22.93126264,23.07500006,18.73239059,19.0785261,18.20253703,18.04038895,17.7130082,16.20007409,17.16338024,..
Tax revenue (% of GDP),GC.TAX.TOTL.GD.ZS,Italy,ITA,23.74294495,23.68062299,23.64758929,24.94682979,25.13890393,24.84107219,24.73952717,25.07030955,24.68367944,24.2381807,24.5767049,24.7589782,24.92711998,..
Tax revenue (% of GDP),GC.TAX.TOTL.GD.ZS,Hungary,HUN,23.2942656,22.58762595,21.0415078,22.86779799,22.86798623,23.01842233,23.23512801,23.06745669,22.88129752,22.5345388,22.36405626,22.8650134,21.48512416,..
Tax revenue (% of GDP),GC.TAX.TOTL.GD.ZS,Greece,GRC,19.7756802,20.38603357,22.47769443,24.26841791,24.12327296,24.86966867,24.88137603,26.66965802,26.4585125,26.94510259,26.18035232,24.80248233,25.36523713,..
Tax revenue (% of GDP),GC.TAX.TOTL.GD.ZS,Denmark,DNK,33.18383922,32.73723667,32.75348927,33.44639821,33.81975266,36.50029166,33.92161906,33.29505948,33.39987958,32.2352444,34.83404296,34.45223411,34.81015441,..
Tax revenue (% of GDP),GC.TAX.TOTL.GD.ZS,Croatia,HRV,19.39641302,19.45787776,18.87212065,19.41865802,19.92719786,19.59870503,20.49512207,20.97492198,21.13563071,20.90644298,21.07503607,20.06251579,20.12830116,..
Tax revenue (% of GDP),GC.TAX.TOTL.GD.ZS,Bulgaria,BGR,18.58649864,17.87143156,17.88271515,18.38533526,19.68628224,19.56662077,20.07780364,20.33302996,20.52322466,19.91268917,20.48281509,20.27821334,20.6261356,..
Tax revenue (% of GDP),GC.TAX.TOTL.GD.ZS,Belgium,BEL,23.78146279,24.46824242,24.93665681,25.82414125,26.19084708,26.13452545,24.35453781,22.84232918,23.44825897,24.00856601,22.63411049,22.01193842,23.10085886,..
Tax revenue (% of GDP),GC.TAX.TOTL.GD.ZS,Austria,AUT,25.22516524,25.28163551,25.42798528,25.92819764,26.41517309,26.41789831,26.82616742,25.41916923,25.42222618,25.41750212,25.58283492,24.4151398,25.84068282,..
Income share held by lowest 20%,SI.DST.FRST.20,France,FRA,7.7,7.7,7.8,7.8,8,8,7.9,8,8.1,8,7.8,8,..,..
Income share held by lowest 20%,SI.DST.FRST.20,Germany,DEU,8.3,8.4,8.4,8.2,8.2,8.1,8,7.9,7.6,7.9,7.9,..,..,..
Income share held by lowest 20%,SI.DST.FRST.20,Czechia,CZE,9.6,9.4,9.3,9.6,9.4,9.7,9.7,10,10.2,10.2,10.1,9.8,..,..
Income share held by lowest 20%,SI.DST.FRST.20,Estonia,EST,7.7,7.2,7.3,7.3,6.8,7,7.5,7.8,8.1,8.1,8.1,8.1,..,..
Income share held by lowest 20%,SI.DST.FRST.20,Finland,FIN,9.3,9.2,9.3,9.4,9.3,9.4,9.4,9.4,9.4,9.3,9.2,9.5,..,..
Income share held by lowest 20%,SI.DST.FRST.20,Luxembourg,LUX,8,8.2,7.8,7.3,7.6,7.9,7.4,7.6,6.8,6.6,7.2,7.1,..,..
Income share held by lowest 20%,SI.DST.FRST.20,Netherlands,NLD,9,9,9.1,9.1,8.9,8.8,8.9,8.8,8.8,8.9,8.6,9.2,..,..
Income share held by lowest 20%,SI.DST.FRST.20,Norway,NOR,9.4,9.5,9.5,9.4,9.3,9.1,9,8.6,8.9,8.9,8.8,..,..,..
Income share held by lowest 20%,SI.DST.FRST.20,Portugal,PRT,7.2,7,6.8,6.4,6.2,6.5,6.7,6.9,7.4,7.4,7.6,6.9,..,..
Income share held by lowest 20%,SI.DST.FRST.20,Slovenia,SVN,9.8,9.7,9.7,9.4,9.2,9.4,9.6,9.7,10,10.1,10.1,10.3,..,..
Income share held by lowest 20%,SI.DST.FRST.20,Sweden,SWE,8.6,8.6,8.5,8.5,8.1,8.4,8.2,8.1,8.3,7.7,8.1,8.2,..,..
Income share held by lowest 20%,SI.DST.FRST.20,United Kingdom,GBR,7.2,7.5,7.6,7.6,7.7,7.5,7.5,7.4,7.5,7.3,7.3,7.6,..,..
Income share held by lowest 20%,SI.DST.FRST.20,Switzerland,CHE,7.8,7.8,7.9,8.1,7.9,7.8,7.8,7.6,7.7,7.5,..,..,..,..
Income share held by lowest 20%,SI.DST.FRST.20,Spain,ESP,6.3,6.3,6,6.1,5.7,5.7,5.8,5.7,6.2,6.2,6.2,6,..,..
Income share held by lowest 20%,SI.DST.FRST.20,Slovak Republic,SVK,8.6,8.5,8.7,8.6,8.3,8.4,8.5,8.7,9.4,8.8,9.5,..,..,..
Income share held by lowest 20%,SI.DST.FRST.20,Romania,ROU,6,5.7,5.5,5.3,5,4.9,5.1,5.6,5.3,5.4,5.7,5.6,..,..
Income share held by lowest 20%,SI.DST.FRST.20,Poland,POL,7.3,7.3,7.3,7.2,7.2,7.2,7.4,8,8.3,8.2,8.6,..,..,..
Income share held by lowest 20%,SI.DST.FRST.20,Lithuania,LTU,5.7,6.5,7.1,6.5,6.7,6,6.1,6,6.3,6.6,7,7.1,..,..
Income share held by lowest 20%,SI.DST.FRST.20,Latvia,LVA,5.9,6.2,6.4,6.5,6.5,6.6,7.1,6.9,6.7,7,7.1,6.9,..,..
Income share held by lowest 20%,SI.DST.FRST.20,Ireland,IRL,7.7,7.6,7.4,7.5,7.3,7.9,8,7.9,8.4,8.7,8.6,9,..,..
Income share held by lowest 20%,SI.DST.FRST.20,Italy,ITA,6.7,6.4,6.4,6.3,6.2,6.2,5.9,6.1,6,6.1,6.3,6.3,..,..
Income share held by lowest 20%,SI.DST.FRST.20,Hungary,HUN,8.8,8.2,8.1,7.6,7.5,7.6,7.8,8,7.9,8.2,8,8.1,..,..
Income share held by lowest 20%,SI.DST.FRST.20,Greece,GRC,7,6.7,6.1,5.8,5.9,5.9,5.8,6.3,6.6,7.2,7,6.7,..,..
Income share held by lowest 20%,SI.DST.FRST.20,Denmark,DNK,9.2,9.3,9.4,9.3,9.1,9.1,9.4,9.2,9.1,9.3,9.5,9.4,..,..
Income share held by lowest 20%,SI.DST.FRST.20,Croatia,HRV,6.9,6.9,6.9,6.9,7.1,7.1,7.3,7.3,7.4,7.8,8,7.9,..,..
Income share held by lowest 20%,SI.DST.FRST.20,Bulgaria,BGR,6.8,6.3,6.4,6.2,5.7,6,5.3,5.4,5.7,5.7,5.7,6.1,..,..
Income share held by lowest 20%,SI.DST.FRST.20,Belgium,BEL,8.5,8.6,8.6,8.7,8.6,8.6,8.6,8.6,8.7,8.9,9,9.4,..,..
Income share held by lowest 20%,SI.DST.FRST.20,Austria,AUT,7.7,8,7.8,7.8,8.1,8,7.9,7.7,8,7.9,7.9,7.9,..,..
Trade (% of GDP),NE.TRD.GNFS.ZS,Austria,AUT,87.06223097,99.01979624,105.1027886,105.1521774,104.0664141,103.5035353,102.4273154,100.9820783,104.9388449,107.9236395,107.8925146,99.70829518,110.9849581,123.6854387
Trade (% of GDP),NE.TRD.GNFS.ZS,Belgium,BEL,135.4060405,149.9976731,161.4937237,160.7460302,157.850845,158.7832159,154.1925465,157.665026,165.3258363,166.4947871,164.1662151,155.2634338,174.0840857,193.0921589
Trade (% of GDP),NE.TRD.GNFS.ZS,Bulgaria,BGR,92.6926456,103.3805223,117.4181039,123.9713227,129.688683,130.2679914,126.7355247,122.8538796,129.7397435,128.9016126,124.6887012,110.3285937,120.9746534,138.1828294
Trade (% of GDP),NE.TRD.GNFS.ZS,Croatia,HRV,69.95919519,72.83996951,77.97085482,79.27346947,81.403017,85.59664312,90.90550966,92.37994969,97.43566696,99.36501737,101.3752387,89.84831075,102.2016831,124.5176672
Trade (% of GDP),NE.TRD.GNFS.ZS,Czechia,CZE,112.7972445,128.0289115,137.8628189,146.5288566,146.422417,157.5749822,155.1756635,150.5862673,150.5326525,147.9485233,141.7710237,133.1483198,142.4950116,151.9307377
Trade (% of GDP),NE.TRD.GNFS.ZS,Estonia,EST,116.7647477,143.6782241,167.3919798,170.7599264,166.4528345,160.2414747,150.9371897,150.4086967,147.5637224,145.9202961,143.7545303,138.4663387,156.9580491,171.5674809
Trade (% of GDP),NE.TRD.GNFS.ZS,Finland,FIN,70.12330327,75.46440739,78.57958161,79.17050095,77.09388658,74.11272276,71.38254843,70.89850035,75.05313719,78.19216832,79.60543321,71.49866828,78.84012227,92.98963316
Trade (% of GDP),NE.TRD.GNFS.ZS,Luxembourg,LUX,263.5327015,293.6718769,308.7144539,311.7868352,320.5335063,333.4288532,351.1319744,348.4374094,353.793992,362.4239045,382.3483692,372.2714029,393.1411982,388.5136684
Trade (% of GDP),NE.TRD.GNFS.ZS,Netherlands,NLD,116.8895497,131.5220741,142.4717733,149.2684152,149.5493313,150.0537554,157.816576,148.8586647,156.0282112,158.8232102,155.2706766,146.461778,156.9561687,176.71178
Trade (% of GDP),NE.TRD.GNFS.ZS,Norway,NOR,67.46431546,68.23951936,69.59873363,68.49855284,67.97279259,69.13737722,70.43185654,69.1168424,69.10878176,70.00319579,70.89582053,65.35397904,70.54572825,82.97172474
Trade (% of GDP),NE.TRD.GNFS.ZS,Portugal,PRT,61.49269353,67.78329546,73.099544,76.05083887,78.11443462,80.28230788,80.49089438,79.27422963,84.43914052,86.42876093,86.56471741,76.23748846,85.62590801,101.6051494
Trade (% of GDP),NE.TRD.GNFS.ZS,Slovenia,SVN,113.1218717,127.4914806,139.2779063,142.3844308,143.756354,145.5497502,146.2958567,146.6577745,157.2744387,161.1424034,158.6384669,146.5862926,161.2856436,186.0268321
Trade (% of GDP),NE.TRD.GNFS.ZS,Sweden,SWE,81.50885604,84.24837719,85.7910274,85.28225106,80.81566528,82.93353169,83.72381451,82.32064509,84.93474943,89.1311984,91.43382897,83.21100287,88.24640148,102.6664916
Trade (% of GDP),NE.TRD.GNFS.ZS,United Kingdom,GBR,55.00438403,59.27277497,63.56540097,62.22598273,61.99911191,59.09480412,57.20354969,59.70039841,63.12165003,64.54264825,64.66513364,58.77455938,59.34864775,69.25579669
Trade (% of GDP),NE.TRD.GNFS.ZS,Switzerland,CHE,109.7759846,120.0651233,125.5562732,126.4538605,133.6937084,120.2134234,117.1384822,123.5659245,123.6218076,124.4285043,124.1276122,121.785978,130.2561628,140.1695488
Trade (% of GDP),NE.TRD.GNFS.ZS,Spain,ESP,46.99487433,52.92824056,58.79317104,60.84507479,61.97631572,63.83826195,64.18320514,63.73988263,66.65706087,67.57494025,66.87389052,60.11948061,67.39129012,80.53650649
Trade (% of GDP),NE.TRD.GNFS.ZS,Slovak Republic,SVK,136.240691,153.4540512,167.9941753,176.1664778,181.3506831,178.0334967,180.188032,184.0334455,188.0591134,189.8040297,183.4934471,168.4892366,184.1806763,204.1214688
Trade (% of GDP),NE.TRD.GNFS.ZS,Romania,ROU,58.47283377,69.83323164,76.14260683,76.53923335,81.40162118,83.37870793,83.52116278,85.89397864,87.15615667,86.4706703,84.50306102,78.05911338,86.85312077,92.81640257
Trade (% of GDP),NE.TRD.GNFS.ZS,Poland,POL,75.2677976,82.55322205,87.2838706,89.26763723,90.77936307,92.5686483,92.81878885,97.53993757,101.2812224,103.4504958,102.6887138,100.3242114,112.0818135,123.9345459
Trade (% of GDP),NE.TRD.GNFS.ZS,Lithuania,LTU,105.3387783,129.8873829,148.4472191,155.8431607,155.8867909,142.7216428,138.5523173,134.4538584,144.8733554,148.5947801,149.1762114,136.912607,155.6366257,175.7031722
Trade (% of GDP),NE.TRD.GNFS.ZS,Latvia,LVA,86.41245309,108.6047806,125.4904462,128.2284417,125.1578552,125.2792731,122.2993647,118.9106331,123.8523114,123.6228987,120.7431367,120.1972888,132.334031,148.5020644
Trade (% of GDP),NE.TRD.GNFS.ZS,Italy,ITA,45.41876179,52.00618837,55.14552246,55.65472084,54.8675794,55.32211515,56.41817616,55.36760281,58.60417595,60.30355124,59.87898022,55.26570577,61.9058087,74.7768779
Trade (% of GDP),NE.TRD.GNFS.ZS,Ireland,IRL,173.5914943,189.925491,187.7111148,191.8803821,189.4236569,201.8464456,214.9959338,228.1436007,219.4401359,216.5390869,252.495272,247.0597188,227.4047903,234.2673529
Trade (% of GDP),NE.TRD.GNFS.ZS,Hungary,HUN,144.9998974,157.4649138,166.4331831,165.6486679,164.3461104,168.3945965,167.320445,164.4039277,165.2285156,163.2605123,160.7513433,155.483815,159.7057765,186.7239141
Trade (% of GDP),NE.TRD.GNFS.ZS,Greece,GRC,47.7438466,51.19728572,56.83396477,62.06128479,62.87650156,66.52632759,65.27769247,64.01919798,71.57895054,80.15002656,81.88592326,71.84030946,89.65592539,107.996804
Trade (% of GDP),NE.TRD.GNFS.ZS,Germany,DEU,71.2287129,79.86862424,85.20612127,86.51405488,85.0788767,84.62009339,86.24622461,84.76964597,87.23720295,88.51987104,88.31838946,81.14735893,89.16109414,99.88033976
Trade (% of GDP),NE.TRD.GNFS.ZS,France,FRA,50.46245085,54.86779108,58.79057642,59.70205917,59.76405507,60.47879652,61.75169393,61.10014238,62.96184729,64.4379526,64.14147319,56.78215677,61.952314,73.2498526
Trade (% of GDP),NE.TRD.GNFS.ZS,Denmark,DNK,89.75503929,94.09997689,101.2457955,103.2409703,103.0501411,102.2639163,104.0482284,100.1688288,102.9793899,106.9749964,110.2248286,103.7558813,110.7122085,128.929664
GDP per capita (constant 2015 US$),NY.GDP.PCAP.KD,Austria,AUT,42655.19213,43334.50896,44451.00019,44549.8817,44299.37818,44245.16874,44195.81759,44590.25163,45281.7234,46154.6251,46616.35917,43343.9719,44984.41974,46697.85652
GDP per capita (constant 2015 US$),NY.GDP.PCAP.KD,Belgium,BEL,39025.22079,39777.92528,39929.09514,39975.57364,39970.3175,40421.42079,41008.29672,41318.01964,41825.76283,42382.31828,43098.47506,40655.55715,43262.43159,44184.68529
GDP per capita (constant 2015 US$),NY.GDP.PCAP.KD,Bulgaria,BGR,6294.433392,6434.552431,6611.303845,6699.503001,6700.535988,6802.710324,7078.860323,7344.443503,7601.438474,7862.86183,8237.926783,7958.82684,8638.718376,9550.94255
GDP per capita (constant 2015 US$),NY.GDP.PCAP.KD,Croatia,HRV,12055.84559,11933.01878,11964.35844,11720.17232,11706.22496,11703.97887,12098.51203,12617.30604,13203.81924,13698.0548,14242.45567,13075.34717,15524.74339,16610.31809
GDP per capita (constant 2015 US$),NY.GDP.PCAP.KD,Czechia,CZE,16160.62056,16505.9537,16761.82731,16606.99254,16593.86423,16951.37912,17829.69832,18247.01173,19139.23988,19689.5827,20206.42564,19048.08685,20085.51607,20237.44311
GDP per capita (constant 2015 US$),NY.GDP.PCAP.KD,Denmark,DNK,50457.23249,51173.46616,51644.46351,51567.04015,51831.79793,52404.76397,53254.85637,54556.06895,55735.7649,56563.48847,57203.02779,55653.58745,59205.64669,60345.55732
GDP per capita (constant 2015 US$),NY.GDP.PCAP.KD,Estonia,EST,14205.39488,14585.83866,15692.78883,16257.4722,16553.38326,17096.64458,17402.03761,17945.94496,18962.4103,19611.61099,20269.57514,20118.10507,21707.24075,21143.29136
GDP per capita (constant 2015 US$),NY.GDP.PCAP.KD,Finland,FIN,42412.09785,43563.5722,44466.8177,43637.24867,43044.99712,42710.92129,42801.90812,43878.96673,45173.62941,45627.91989,46135.88142,44984.73445,46315.06285,46929.14352
GDP per capita (constant 2015 US$),NY.GDP.PCAP.KD,France,FRA,35129.36224,35638.12156,36244.18716,36182.15113,36203.19087,36378.61866,36652.92231,36956.7958,37694.0833,38259.69777,38832.0242,35806.61789,38002.19424,38816.47928
GDP per capita (constant 2015 US$),NY.GDP.PCAP.KD,Germany,DEU,36190.39289,37760.91363,39977.34171,40069.35396,40135.01583,40851.16173,41103.25644,41682.03224,42639.55441,42928.74124,43292.68389,41601.97316,42900.02252,43361.17712
GDP per capita (constant 2015 US$),NY.GDP.PCAP.KD,Greece,GRC,22839.24854,21560.35335,19400.80773,18123.6711,17796.25767,18000.41846,18083.87791,18070.78073,18304.30768,18647.49572,19017.99643,17283.24572,18960.89058,20287.7253
GDP per capita (constant 2015 US$),NY.GDP.PCAP.KD,Hungary,HUN,11162.05597,11307.7162,11551.49893,11466.14191,11705.00925,12233.29937,12717.0386,13035.35286,13628.40449,14377.42416,15083.59917,14430.47683,15517.04945,16336.24113
GDP per capita (constant 2015 US$),NY.GDP.PCAP.KD,Ireland,IRL,45729.90323,46246.84509,46635.34459,46377.92169,46676.25849,50427.32967,62179.26427,62566.79784,67652.01992,72478.83824,75281.92153,79441.70868,90589.19673,97316.87751
GDP per capita (constant 2015 US$),NY.GDP.PCAP.KD,Italy,ITA,31615.27081,32058.17399,32229.45679,31184.55843,30257.62743,29979.91872,30242.38614,30685.6459,31244.2271,31593.48026,32114.29986,29375.03734,31981.68071,33281.33667
GDP per capita (constant 2015 US$),NY.GDP.PCAP.KD,Latvia,LVA,11237.10893,10962.23153,11450.9768,12410.36526,12795.87829,13162.65456,13786.4568,14242.57267,14845.33489,15558.492,15759.08184,15312.33506,16481.52435,17081.34278
GDP per capita (constant 2015 US$),NY.GDP.PCAP.KD,Lithuania,LTU,10699.78946,11106.95021,12046.72139,12678.69269,13262.33446,13850.00013,14263.96458,14810.25178,15661.99625,16443.58529,17256.40815,17247.54369,18292.53285,18535.07797
GDP per capita (constant 2015 US$),NY.GDP.PCAP.KD,Luxembourg,LUX,104574.3499,106544.0572,105290.249,104487.7442,105338.9561,105583.937,105462.0126,108351.4522,107142.1276,106376.7836,107350.6267,104616.0347,110425.8884,109714.9243
GDP per capita (constant 2015 US$),NY.GDP.PCAP.KD,Netherlands,NLD,44027.60256,44390.50441,44869.31294,44242.97353,44055.30426,44521.89454,45193.40322,45938.78504,46997.34545,47826.81912,48443.73205,46303.21886,48913.51899,50546.78937
GDP per capita (constant 2015 US$),NY.GDP.PCAP.KD,Norway,NOR,73141.30734,72804.39562,72660.67541,73661.67859,73515.91449,74180.32387,74809.9658,75017.49447,76247.41166,76373.64746,76712.28713,75287.20595,77805.00755,79636.27455
GDP per capita (constant 2015 US$),NY.GDP.PCAP.KD,Poland,POL,10419.21487,10755.65644,11291.90359,11466.41593,11571.61485,12024.60951,12560.05142,12936.57326,13599.81802,14408.38439,15053.23237,14774.9892,15863.23111,17117.3281
GDP per capita (constant 2015 US$),NY.GDP.PCAP.KD,Portugal,PRT,19343.28005,19670.36107,19365.18165,18654.95753,18584.55405,18833.05183,19250.10654,19700.91,20441.4858,21057.61748,21617.41162,19802.22891,20807.52768,22125.93919
GDP per capita (constant 2015 US$),NY.GDP.PCAP.KD,Romania,ROU,7921.220019,7657.542379,8042.90342,8234.304602,8287.249657,8661.122035,8976.954489,9286.596151,10106.01761,10778.44835,11252.88562,10898.92142,11607.4026,12188.64246
GDP per capita (constant 2015 US$),NY.GDP.PCAP.KD,Slovak Republic,SVK,13679.08441,14584.26068,14954.57798,15126.0353,15205.39558,15600.36717,16390.88217,16687.98446,17151.65248,17818.23411,18240.99372,17617.4487,18500.41971,18877.95938
GDP per capita (constant 2015 US$),NY.GDP.PCAP.KD,Slovenia,SVN,20428.16986,20612.58953,20746.98841,20157.00525,19922.47429,20453.83339,20890.16643,21541.17642,22563.75894,23483.52912,24142.08957,22963.93341,24786.79121,25349.75855
GDP per capita (constant 2015 US$),NY.GDP.PCAP.KD,Spain,ESP,25778.95647,25702.34684,25402.60507,24634.96209,24368.96824,24783.08295,25754.36103,26514.32481,27239.35244,27739.86477,28087.89792,24829.64859,26391.59723,27702.7453
GDP per capita (constant 2015 US$),NY.GDP.PCAP.KD,Sweden,SWE,46043.48094,48369.91004,49539.97261,48885.54842,49048.81875,49855.30101,51545.48361,51955.86107,52576.81028,52983.00686,53490.35182,51952.67313,54816.00585,55985.97063
GDP per capita (constant 2015 US$),NY.GDP.PCAP.KD,Switzerland,CHE,79585.52159,81315.42286,81874.33619,81964.88642,82479.92154,83394.37114,83806.4476,84611.09985,84967.58855,86756.60213,87123.66044,84637.01323,88520.322,90057.03594
GDP per capita (constant 2015 US$),NY.GDP.PCAP.KD,United Kingdom,GBR,41709.96617,42310.74991,42462.10673,42805.84252,43282.20975,44337.67864,44964.39114,45482.17829,46373.63853,46740.55359,47240.59962,42191.91737,45889.61102,47923.48224
GDP per capita (constant 2015 US$),NY.GDP.PCAP.KD,Malta,MLT,19573.85799,20557.73775,20566.42777,21221.60571,22071.06515,23286.22645,24921.71418,25181.4771,27164.30042,28177.54954,29003.58181,26077.62734,29103.69739,30379.5968
Refugee population by country or territory of asylum,SM.POP.REFG,Malta,MLT,5951,6143,6948,8242,9900,6095,7068,7941,7994,8579,8908,9168,9335,11098
Tax revenue (% of GDP),GC.TAX.TOTL.GD.ZS,Malta,MLT,26.01451094,25.31011882,25.80812785,25.69167313,25.73815477,25.99328619,24.33835767,25.22916354,25.053555,24.8655469,24.26267048,23.233128,23.77199044,..
Income share held by lowest 20%,SI.DST.FRST.20,Malta,MLT,8.2,8.4,8.5,8.4,8.6,8.6,8.5,8.6,8.5,8.6,8.1,8,..,..
Trade (% of GDP),NE.TRD.GNFS.ZS,Malta,MLT,294.9500968,301.8366956,319.7034169,322.6764519,304.3286244,287.6414311,299.4701582,303.0112389,296.8696167,302.6960559,309.6171503,333.1212761,315.3064603,317.7450138
Individuals using the Internet (% of population),IT.NET.USER.ZS,Belgium,BEL,74.54414555,77.63978551,81.609996,80.71999055,82.1702,85,85.05294175,86.51647666,87.67968082,88.647343,90.27542801,91.52641629,92.78867618,94.00783071
Individuals using the Internet (% of population),IT.NET.USER.ZS,Bulgaria,BGR,45,46.23,47.97999305,51.89998767,53.0615,55.49,56.65625161,59.82554766,63.41010138,64.78201069,67.94698094,70.16248359,75.27144583,79.12686326
Individuals using the Internet (% of population),IT.NET.USER.ZS,Croatia,HRV,50.58,56.55,57.78997899,61.93997315,66.7476,68.57,69.84503592,72.69726967,67.09619204,75.29462599,79.07978368,78.32090004,81.25396608,82.07154778
Individuals using the Internet (% of population),IT.NET.USER.ZS,Czechia,CZE,64.43,68.82,70.49,73.43000782,74.1104,74.23171164,75.6688387,76.4811987,78.71917285,80.68816754,80.86694441,81.33889705,82.67062427,84.54009378
Individuals using the Internet (% of population),IT.NET.USER.ZS,Estonia,EST,72.5,74.1,76.5,78.38992593,80.0043,84.24152803,88.4097035,87.24023275,88.10245687,89.35700777,90.2289282,89.05828666,90.97970174,91.02128973
Individuals using the Internet (% of population),IT.NET.USER.ZS,Finland,FIN,82.49,86.89,88.70999491,89.87999797,91.5144,86.53039275,86.42213333,87.70364996,87.46892907,88.88996,89.60738511,92.17027106,92.80806082,92.98879471
Individuals using the Internet (% of population),IT.NET.USER.ZS,Luxembourg,LUX,87.31,90.62,90.02985856,91.94992374,93.7765,94.67,96.37671417,98.13669867,97.36296032,97.06129871,97.12063569,98.45962893,98.66086333,98.24203749
Individuals using the Internet (% of population),IT.NET.USER.ZS,Netherlands,NLD,89.63,90.72,91.41999576,92.85999236,93.9564,91.666666,91.72413793,90.4109589,93.19727891,91.89189189,93.2885906,91.33333333,92.05298013,92.51968504
Individuals using the Internet (% of population),IT.NET.USER.ZS,Norway,NOR,92.08,93.39,93.48998265,94.64997805,95.0534,96.3,96.81032569,97.29820367,96.3576013,96.49165799,98.00000439,94.60755647,99.0000036,98.99997764
Individuals using the Internet (% of population),IT.NET.USER.ZS,Portugal,PRT,48.27,53.3,55.24999688,60.33999749,62.0956,64.59,68.63286148,70.42356709,73.79121395,74.66096815,75.34637794,78.26166044,82.30902804,84.49690644
Individuals using the Internet (% of population),IT.NET.USER.ZS,Slovenia,SVN,64,70,67.33999481,68.34997453,72.6756,71.59,73.09865997,75.49850426,78.88542636,79.7499766,83.1083578,86.60130109,89.00399524,88.91242151
Individuals using the Internet (% of population),IT.NET.USER.ZS,Sweden,SWE,91,90,92.76998606,93.17998801,94.7836,92.52,90.61019664,89.65094761,93.00626697,89.24696316,94.49344341,94.53943122,94.6703163,95.00970335
Individuals using the Internet (% of population),IT.NET.USER.ZS,United Kingdom,GBR,83.56,85,85.37999855,87.47999842,89.8441,91.61,92.00029987,94.77580063,90.42455049,90.69200899,92.51662855,94.81820132,96.68023657,..
Individuals using the Internet (% of population),IT.NET.USER.ZS,Switzerland,CHE,81.3,83.9,85.19302818,85.2,86.34,87.4,87.4790556,89.13468774,89.68614767,91.8,93.14608695,94.34995199,95.56937168,..
Individuals using the Internet (% of population),IT.NET.USER.ZS,Spain,ESP,62.4,65.8,67.08999939,69.80999994,71.635,76.19,78.68963187,80.56133294,84.6022457,86.10723553,90.71866533,93.20564892,93.89752157,94.4855432
Individuals using the Internet (% of population),IT.NET.USER.ZS,Slovak Republic,SVK,70,75.71,74.43999717,76.70999012,77.8826,79.98,77.63468203,80.47585728,81.62566752,80.44892248,82.8536605,89.92090413,88.92560523,..
Individuals using the Internet (% of population),IT.NET.USER.ZS,Romania,ROU,36.6,39.93,40.00999678,45.87999425,49.7645,54.08,55.76315563,59.50395129,63.74728218,70.68127793,73.65747575,78.45526895,83.5904265,85.50309124
Individuals using the Internet (% of population),IT.NET.USER.ZS,Poland,POL,58.97,62.32,61.94999897,62.30999727,62.8492,66.6,67.99698716,73.3007041,75.98536595,77.54173454,80.43590688,83.18488715,85.37490906,86.94113568
Individuals using the Internet (% of population),IT.NET.USER.ZS,Lithuania,LTU,59.76,62.12,63.6399774,67.22998933,68.4529,72.13,71.37805901,74.37664556,77.61525651,79.72258277,81.58186838,83.05554724,86.93054425,87.72420219
Individuals using the Internet (% of population),IT.NET.USER.ZS,Latvia,LVA,66.84,68.42,69.74995456,73.11994377,75.2344,75.83,79.20058292,79.84209778,80.114077,83.57717486,86.13545644,88.89796078,91.17964988,91.03009059
Individuals using the Internet (% of population),IT.NET.USER.ZS,Italy,ITA,48.83,53.68,54.3899983,55.82999799,58.4593,55.63846022,58.14173496,61.32425277,63.077347,74.38718292,67.85071029,70.48342785,74.8623274,85.06074504
Individuals using the Internet (% of population),IT.NET.USER.ZS,Ireland,IRL,67.38,69.85,74.88997297,76.91999254,78.2477,83.49172234,83.49479167,83.5,84.11400706,87.00014011,87.00005524,91.99989097,95.16956667,..
Individuals using the Internet (% of population),IT.NET.USER.ZS,Hungary,HUN,62,65,68.01998789,70.57999815,72.6439,75.65319745,72.83473703,79.25941213,76.75054712,76.07436064,80.37169361,84.77115202,88.64083466,90.46084106
Individuals using the Internet (% of population),IT.NET.USER.ZS,Greece,GRC,42.4,44.4,51.64999517,55.06999344,59.8663,63.21,66.83495949,69.08791547,69.89297065,72.23837339,75.67120669,78.11584474,78.49426371,83.17066333
Individuals using the Internet (% of population),IT.NET.USER.ZS,Germany,DEU,79,82,81.26999954,82.34999847,84.17,86.19,87.58979935,84.16520664,84.3941537,87.03711209,88.13451691,89.81294133,91.43060973,91.62984383
Individuals using the Internet (% of population),IT.NET.USER.ZS,France,FRA,71.58,77.28,77.81999899,81.44,81.9198,83.75,78.00603771,79.26981132,80.50245972,82.04318678,83.33974409,84.70640914,86.09548575,85.33331549
Individuals using the Internet (% of population),IT.NET.USER.ZS,Denmark,DNK,86.84,88.72,89.81001339,92.26001172,94.6297,95.99,96.33050162,96.96778525,97.09936216,97.31920437,98.04643475,96.54914573,98.8658506,97.86011812
Individuals using the Internet (% of population),IT.NET.USER.ZS,Austria,AUT,73.45,75.17,78.7399931,80.02999392,80.6188,80.99582496,83.94014193,84.32374257,87.93558659,87.47913723,87.75220479,87.52942813,92.52915104,93.61409139
Individuals using the Internet (% of population),IT.NET.USER.ZS,Malta,MLT,58.86,63,68.01982379,68.19987429,68.9138,73.17,75.96001898,78.0751488,81.01191108,81.65804429,85.77859638,86.85876183,87.46977522,91.54075982