country_right,Year,EB_no,EBQ1_1,EBQ1_2,EBQ1_3,EBQ1_4,EBQ1_5,EBQ1_6,EBQ1_7,EBQ2_1,EBQ2_2,EBQ2_3,EBQ2_4
AUT,2009,NA,NA,NA,NA,NA,NA,NA,NA,NA,NA,NA,NA
AUT,2010,74.2,14.3,11.8,7.9,5.3,9.1,36.4,15.2,14.2,50.8,24.9,10.1
AUT,2011,76.3,19.7,14.6,8.4,4.3,7.9,25.5,19.6,17.2,54.2,19.5,9.1
AUT,2012,78.1,21,13.9,8.5,3.7,8.3,28.9,15.7,15.2,52.1,24.2,8.5
AUT,2013,80.1,21,18.4,9.9,3.8,7.9,26.1,12.9,18.6,53,22,6.4
AUT,2014,82.3,32.4,12.9,5.8,3.9,5.9,22.7,16.3,20.1,55.4,20.1,4.4
AUT,2015,84.3,28.1,15.9,8.2,2.9,5.9,29.8,9.1,22,51.9,17.8,8.3
AUT,2016,86.2,34.6,20.1,8.4,1.8,3.2,25.3,6.5,23.2,49.6,19.7,7.5
AUT,2017,88.3,42.7,15.7,8.1,2.2,4.5,22.6,4.3,22.7,48.8,21.6,6.89
AUT,2018,90.3,41.68,12.72,9.56,3.29,3.26,23.85,5.64,22.03,51.24,18.61,8.12
AUT,2019,92.3,41.7,12.7,9.5,3.3,3.3,23.8,5.7,22,51.2,18.6,8.1
AUT,2020,NA,NA,NA,NA,NA,NA,NA,NA,NA,NA,NA,NA
BEL,2009,NA,NA,NA,NA,NA,NA,NA,NA,NA,NA,NA,NA
BEL,2010,74.2,21.6,9.7,5.7,2.4,7.8,43.9,8.9,6.2,46.5,30.3,17
BEL,2011,76.3,20.5,10.7,4.2,2.8,6.4,44.5,10.8,10.2,44.5,31.2,14.2
BEL,2012,78.1,27.8,13.8,4.9,3.6,6.4,28.2,5.3,14.1,43.4,27.6,15
BEL,2013,80.1,31.2,11.5,5.6,2.1,6.3,38.2,5.2,10.8,45.9,27.5,15.9
BEL,2014,82.3,36.7,12.8,5,2.2,5,32.2,6,11.1,48.8,24.9,15.3
BEL,2015,84.3,36.5,12.8,7.2,2.4,4.8,28.9,7.2,13.8,46.6,26.2,13.4
BEL,2016,86.2,42,10.4,7.2,3.4,5.7,30.3,1,12.7,53.6,24.2,9.6
BEL,2017,88.3,48.8,13.8,5.9,2,3.6,23.3,2.5,14.1,52.6,21.8,11.6
BEL,2018,90.3,43.64,18.63,7.94,3.53,4.4,19.97,1.9,11.56,56.46,23.25,8.73
BEL,2019,92.3,43,19,8,4,4,20,2,11.5,56.5,23.3,8.76
BEL,2020,NA,NA,NA,NA,NA,NA,NA,NA,NA,NA,NA,NA
BGR,2009,NA,NA,NA,NA,NA,NA,NA,NA,NA,NA,NA,NA
BGR,2010,74.2,18.3,6.6,3.8,2.1,7.5,35.7,26.1,34.4,51.7,8.2,5.8
BGR,2011,76.3,18.2,9.9,5.3,3.3,6.2,32.2,25,39.2,50.5,7.4,2.8
BGR,2012,78.1,22.1,11.9,4.4,2.5,3.5,35.8,19.6,38.1,49.8,8.2,3.9
BGR,2013,80.1,22.1,12.2,5.1,2.2,2.6,35.8,20.1,38.8,47.1,9.5,4.6
BGR,2014,82.3,31,11.5,2.9,1.5,5.1,29.9,18.2,39.2,41.5,12.2,7.1
BGR,2015,84.3,32.1,10,5.4,1.2,2.6,36,12.7,42.2,40,8.8,9
BGR,2016,86.2,32.2,13.6,4.9,1.3,1.7,40.7,5.6,41.3,42.2,8.9,7.5
BGR,2017,88.3,43.7,12.5,3.7,1.2,2,32.7,4.4,37.9,46.5,9.09,6.46
BGR,2018,90.3,46.88,11.2,3.95,1,2.51,27.14,7.32,34.74,46.93,11.47,6.86
BGR,2019,92.3,46.8,11.2,4,1,2.5,27.2,7.3,34.7,47,11.5,6.86
BGR,2020,NA,NA,NA,NA,NA,NA,NA,NA,NA,NA,NA,NA
CYP,2009,NA,NA,NA,NA,NA,NA,NA,NA,NA,NA,NA,NA
CYP,2010,74.2,15.8,8.7,3.8,2.4,6.1,43.2,20,40.2,42.4,12.9,4.5
CYP,2011,76.3,19.4,9.1,3,2,4.4,40.5,21.6,36.8,43.1,11.3,8.8
CYP,2012,78.1,26.5,9,2.8,1.4,2.6,40,17.7,38.5,42.8,11.7,7
CYP,2013,80.1,31.6,8.9,4.4,1.8,4.6,33.6,15.1,41.2,42.7,10,6.1
CYP,2014,82.3,37.3,6.4,2.2,1.2,7.4,35.3,10,38.1,44.4,9.3,8.2
CYP,2015,84.3,39.9,6.6,2.2,0.8,2.8,33.5,14.2,39.5,34.2,12.9,13.4
CYP,2016,86.2,45.9,8.7,3.5,1.2,4.1,31.3,5.3,29.2,49.9,12.8,8.2
CYP,2017,88.3,49,9,3,2,2,29,6,40.3,42,10.9,6.84
CYP,2018,90.3,56.73,6.83,1.62,0.87,3.58,24.32,6.06,37.53,49.47,7.85,5.15
CYP,2019,92.3,57,7,2,1,3,24,6,37.7,49.6,7.79,5.19
CYP,2020,NA,NA,NA,NA,NA,NA,NA,NA,NA,NA,NA,NA
CZE,2009,NA,NA,NA,NA,NA,NA,NA,NA,NA,NA,NA,NA
CZE,2010,74.2,9.8,7.8,5.4,3.7,10.3,58.5,4.4,7.9,49.6,29.8,12.8
CZE,2011,76.3,18,7.8,7.2,3.3,10,48.7,4.9,9.9,50,29,11.2
CZE,2012,78.1,20.7,12,5.9,2.4,9.7,43.9,5.5,10.8,49.1,28.6,11.5
CZE,2013,80.1,23.4,8.6,6,1.8,8.8,46,5.3,12.6,54.6,24.5,8.4
CZE,2014,82.3,24,13.1,6.8,2.2,6.8,37.8,9.4,16.1,50,24.2,9.6
CZE,2015,84.3,28.3,9.8,7.1,1.6,5.4,38.9,8.8,16.3,45.8,24.3,13.5
CZE,2016,86.2,33.3,11.1,6.5,2.5,4.5,40.3,1.7,16.5,51,22.2,10.3
CZE,2017,88.3,32.1,13.5,6.8,2.6,7.7,34.6,2.7,18.4,51,23.8,6.82
CZE,2018,90.3,40.65,9.67,5.25,2.27,6.36,34.54,1.26,19.58,50.87,21.67,7.88
CZE,2019,92.3,40.6,9.7,5.2,2.3,6.3,34.5,1.3,19.6,50.9,21.6,7.89
CZE,2020,NA,NA,NA,NA,NA,NA,NA,NA,NA,NA,NA,NA
DEU,2009,NA,NA,NA,NA,NA,NA,NA,NA,NA,NA,NA,NA
DEU,2010,74.2,11.8,9.5,6.7,3.2,14.3,45.4,9.1,15.8,49,21,14.2
DEU,2011,76.3,13.7,9.2,4.2,3.1,12.7,47.7,9.5,17.2,45.3,24.1,13.4
DEU,2012,78.1,20.7,9.1,3.8,2.2,8.5,50.4,5.4,17.9,45.6,4.2,2.5
DEU,2013,80.1,21.1,8,3.8,1.8,10.7,48.9,5.8,19.4,45.7,23.5,11.4
DEU,2014,82.3,23.3,10.7,3.9,1.4,9.9,40.8,10,15.4,47,24.3,13.2
DEU,2015,84.3,24.8,10,4.8,1,8.9,43.3,7.2,14.7,44.6,24,16.8
DEU,2016,86.2,26.6,9.6,4.9,1.6,8.3,38.4,10.6,15.1,49.1,21.4,14.4
DEU,2017,88.3,32.7,12.8,3.7,1.9,9.2,38.6,1.2,17.7,44,25.3,13
DEU,2018,90.3,32.93,12.3,4.56,2.13,7.75,38.21,2.11,18.4,45.27,23.98,12.35
DEU,2019,92.3,34.3,12.7,4.3,2.1,7.6,37.7,1.5,19,44.5,23.7,12.9
DEU,2020,NA,NA,NA,NA,NA,NA,NA,NA,NA,NA,NA,NA
DNK,2009,NA,NA,NA,NA,NA,NA,NA,NA,NA,NA,NA,NA
DNK,2010,74.2,34.1,10.6,6.1,4.3,7,32.6,5.3,26.5,42.8,20.2,10.5
DNK,2011,76.3,37.4,10.5,5.7,5,7.8,29.1,4.5,27.1,44.3,21.5,7.2
DNK,2012,78.1,43.6,8.2,5.6,3.6,6.1,29.1,3.7,30.3,41.9,19.9,7.9
DNK,2013,80.1,48.6,10.2,4.6,2.9,5.2,24.6,4,27.5,49.1,15.3,8.2
DNK,2014,82.3,55,7.8,5.2,2.5,3.8,22.8,2.9,33.8,43.7,15.4,7
DNK,2015,84.3,58.8,11.1,4.1,2.2,3,17.8,3,37.4,44.9,11.3,6.5
DNK,2016,86.2,59,10,4.3,2,3.3,19.2,2.2,41.7,39.2,13.8,5.3
DNK,2017,88.3,59,11,4,2,4,17,3,34.3,41.8,13.9,9.93
DNK,2018,90.3,61.01,9.77,5.22,0.87,2.96,17.27,2.89,32.39,40.88,17.19,9.54
DNK,2019,92.3,61,10,5,1,3,17,3,32.4,40.9,17.1,9.56
DNK,2020,NA,NA,NA,NA,NA,NA,NA,NA,NA,NA,NA,NA
EST,2009,NA,NA,NA,NA,NA,NA,NA,NA,NA,NA,NA,NA
EST,2010,74.2,27.2,10.7,5.5,2.4,9.6,38.9,5.7,21.4,54.8,18.5,5.2
EST,2011,76.3,31.5,9.8,6,3.9,9,34.9,4.9,19.5,55.8,17.7,7.1
EST,2012,78.1,40.8,9.9,3.5,1.3,6.2,30,8.2,21.7,52.8,18.4,7.1
EST,2013,80.1,42.3,10.1,5,2.3,4.4,28.7,7.2,19.8,52.8,19.3,8.1
EST,2014,82.3,40,9.4,3.2,2.7,4.8,31.7,8.2,18.6,52.5,19.5,9.4
EST,2015,84.3,42.3,6.9,4.2,2,3.1,32,9.6,20.3,56.2,15.9,7.6
EST,2016,86.2,47.4,7.7,3.8,1.8,4.8,28.8,5.7,23.2,58.8,13,5
EST,2017,88.3,50.2,8,3.2,1,3.4,26.6,7.7,19.1,53.2,20.8,6.89
EST,2018,90.3,52.95,7.25,3.22,1.18,3.48,27.42,4.51,20.87,54.55,17.38,7.2
EST,2019,92.3,53,7.3,3.2,1.2,3.4,27.4,4.5,20.9,54.5,17.4,7.14
EST,2020,NA,NA,NA,NA,NA,NA,NA,NA,NA,NA,NA,NA
ESP,2009,NA,NA,NA,NA,NA,NA,NA,NA,NA,NA,NA,NA
ESP,2010,74.2,20.2,8.9,3.1,1.6,3.5,58.2,4.6,15.6,45.9,21.1,17.4
ESP,2011,76.3,20.6,9.5,2.6,2.1,4.8,56.1,4.4,17,58.9,16.3,7.7
ESP,2012,78.1,35.5,8.5,4.2,1.2,3.1,41.5,6.1,28,49.7,13.5,8.8
ESP,2013,80.1,34.1,10.6,2.6,0.9,2.9,42.3,6.8,29.3,48.4,14.3,7.9
ESP,2014,82.3,37.6,11.1,4,1.9,4,34.4,7,32.6,40.8,15.8,10.8
ESP,2015,84.3,37.8,6.2,5,1.7,2.7,39.6,7.1,31.8,46.6,12.6,9
ESP,2016,86.2,38.2,12.1,5.3,2.6,2.7,37.9,1.3,28.1,53.2,11,7.7
ESP,2017,88.3,47,11,5,2,3,29,3,30.1,49.8,12.5,7.53
ESP,2018,90.3,44.1,12.34,3.01,1.77,2.67,33.23,2.88,22.48,55.08,13.48,8.96
ESP,2019,92.3,44,12.3,3,1.8,2.7,33.2,2.9,22.5,55,13.5,8.97
ESP,2020,NA,NA,NA,NA,NA,NA,NA,NA,NA,NA,NA,NA
FIN,2009,NA,NA,NA,NA,NA,NA,NA,NA,NA,NA,NA,NA
FIN,2010,74.2,27.8,11.7,6.9,4.4,7.4,32,9.8,23.4,50.7,20.5,5.4
FIN,2011,76.3,33.4,10.3,5.6,3.6,6.6,35,5.6,22.4,45.4,24.4,7.7
FIN,2012,78.1,34.3,11.4,5.4,2.9,4.8,28.1,13.1,22.5,53.6,17.8,6.1
FIN,2013,80.1,43.1,8.1,3.7,2.4,4,28.9,9.8,23,55.5,17.2,4.3
FIN,2014,82.3,43.3,10.4,5.3,2.1,5.6,25.8,7.6,22.5,54.1,18.6,4.9
FIN,2015,84.3,45.2,7.5,3.2,3,5.1,32.1,3.9,23,52,18.7,6.4
FIN,2016,86.2,48.4,7.5,5.5,2.7,3.9,30.8,1.2,23.2,49.2,21.2,6.4
FIN,2017,88.3,53.3,8.8,4.5,2.7,2.2,24.7,3.9,25.2,43.8,22.8,8.19
FIN,2018,90.3,52.62,8.73,4.85,3.09,2.41,25.3,2.99,26.84,45.27,22.91,4.98
FIN,2019,92.3,53,9,5,3,2,25,3,26.8,45.3,22.9,5.03
FIN,2020,NA,NA,NA,NA,NA,NA,NA,NA,NA,NA,NA,NA
FRA,2009,NA,NA,NA,NA,NA,NA,NA,NA,NA,NA,NA,NA
FRA,2010,74.2,16.6,7.7,3.9,2.8,4.9,54.9,9.3,11.4,43,23.5,22.2
FRA,2011,76.3,20.5,7.2,4.3,2.7,4.4,50,10.9,12.5,43.6,24.6,19.3
FRA,2012,78.1,24.2,7.6,3.8,2.5,5.1,51.8,5.1,11.7,41.9,24.5,21.9
FRA,2013,80.1,29.1,7.4,3.1,2.3,4.1,47.8,6.2,13.5,45.3,22.5,18.8
FRA,2014,82.3,29.7,8.2,4.5,2.5,5.1,40.3,9.8,13.6,43.9,24.6,18
FRA,2015,84.3,36.6,6.6,3.3,2.1,2.6,38.6,10.2,15.9,43.6,22.3,18.3
FRA,2016,86.2,38.1,6.9,4.1,1.8,2.8,44.1,2.1,18.2,43.4,22.5,16
FRA,2017,88.3,39.9,7.9,4,1.4,4.4,39.7,2.8,16.3,44.5,21.7,17.6
FRA,2018,90.3,41.56,7,3.76,1.51,3.8,40.98,1.39,16.48,44.33,23.11,16.07
FRA,2019,92.3,41.6,7,3.8,1.5,3.8,41,1.4,16.5,44.3,23.1,16
FRA,2020,NA,NA,NA,NA,NA,NA,NA,NA,NA,NA,NA,NA
GBR,2009,NA,NA,NA,NA,NA,NA,NA,NA,NA,NA,NA,NA
GBR,2010,74.2,25.5,9.7,4.8,2,5,49.8,3.2,12.9,39.4,31.5,16.2
GBR,2011,76.3,27.1,11.3,4.1,2.8,5.4,43.6,5.7,12.7,46.2,25.3,15.8
GBR,2012,78.1,34.1,10.1,4.9,2.3,4.2,42.2,2.2,13.8,48.4,26.1,11.7
GBR,2013,80.1,38.4,9.5,4.6,1.1,5.6,37.7,3.1,15.9,45.8,23.5,14.9
GBR,2014,82.3,40.9,7.9,4.2,2.1,5.2,36.8,2.8,15.1,49,25.8,10.1
GBR,2015,84.3,44.8,10.1,4.8,1.9,4.1,29.4,5,17,52.4,19,11.6
GBR,2016,86.2,53.4,7.5,3.4,1.2,4.7,29.8,0.1,17.4,57.8,17.2,7.6
GBR,2017,88.3,53,9,3,1,4,25,5,22.8,49,18.8,9.33
GBR,2018,90.3,53.26,9.41,4,1.95,4.7,25.13,1.55,19.82,51.83,21.55,6.8
GBR,2019,92.3,52.6,9.3,4,1.9,4.6,24.8,1.5,19.8,51.7,21.5,6.84
GBR,2020,NA,NA,NA,NA,NA,NA,NA,NA,NA,NA,NA,NA
NIR,2009,NA,NA,NA,NA,NA,NA,NA,NA,NA,NA,NA,NA
NIR,2010,74.2,24.7,7.7,3.7,1,4,47.2,11.7,13.1,40.5,28.8,17.6
NIR,2011,76.3,25.2,10.5,6.9,1.3,6.5,40.8,8.8,8.4,56.5,28.3,6.8
NIR,2012,78.1,33.7,7.9,2,2.3,6.6,44.9,2.6,17.8,44.1,24.2,14
NIR,2013,80.1,37.1,10.5,3.5,1.3,2.2,42.5,2.9,17.2,48.7,20.2,13.9
NIR,2014,82.3,45,10.2,2.2,1.3,2.6,33.2,5.4,17,49.8,22.7,10.5
NIR,2015,84.3,50.8,6.3,4.7,0.7,1,32.2,4.3,20.6,57.1,16.3,6
NIR,2016,86.2,44.8,8.1,4,3,1,38.7,0.3,23.6,56.8,10.9,8.7
NIR,2017,88.3,NA,NA,NA,NA,NA,NA,NA,NA,NA,NA,NA
NIR,2018,90.3,NA,NA,NA,NA,NA,NA,NA,NA,NA,NA,NA
NIR,2019,92.3,NA,NA,NA,NA,NA,NA,NA,NA,NA,NA,NA
NIR,2020,NA,NA,NA,NA,NA,NA,NA,NA,NA,NA,NA,NA
GRC,2009,NA,NA,NA,NA,NA,NA,NA,NA,NA,NA,NA,NA
GRC,2010,74.2,13.6,9.6,3.6,2.6,5.7,41,24,10.6,54.9,17,8.5
GRC,2011,76.3,19.4,12.6,4.4,2.5,4.3,36.1,20.6,21.1,57.8,15.7,5.4
GRC,2012,78.1,24.9,9.9,3.9,2.1,4.7,35,19.4,25.6,54.7,16.3,3.4
GRC,2013,80.1,31.7,9.6,3.1,0.9,3,33.6,18,23.8,55.4,15.4,5.4
GRC,2014,82.3,30.9,10.4,2.5,1.6,3.6,35.1,16,27.5,48.6,13.8,10.2
GRC,2015,84.3,36.1,8.6,2.5,0.5,2,39.2,11.2,29,51.7,13.8,5.6
GRC,2016,86.2,36.1,12.4,3.3,0.7,1.6,41.5,4.3,22.9,53.2,16.1,7.8
GRC,2017,88.3,NA,NA,NA,NA,NA,NA,NA,NA,NA,NA,NA
GRC,2018,90.3,49.4,8.05,3.04,0.73,1.5,34.28,2.99,27.08,53.35,14.7,4.87
GRC,2019,92.3,NA,NA,NA,NA,NA,NA,NA,NA,NA,NA,NA
GRC,2020,NA,NA,NA,NA,NA,NA,NA,NA,NA,NA,NA,NA
HRV,2009,NA,NA,NA,NA,NA,NA,NA,NA,NA,NA,NA,NA
HRV,2010,74.2,24.3,4.4,2.4,1.3,5.3,50.3,11.9,44,41.1,15.3,10.6
HRV,2011,76.3,25.4,4.9,2.5,1,4.7,47.2,14.3,29.4,52.6,10.6,7.4
HRV,2012,78.1,25.9,8.5,3.2,0.9,4,39.5,18,29.6,50.9,13.4,6.1
HRV,2013,80.1,29.2,6,2.5,1.2,2.8,42.7,15.6,22.1,53.3,17.1,7.4
HRV,2014,82.3,34.1,8.5,4.8,2.7,7.6,28.8,13.4,25.2,54.4,12.8,7.6
HRV,2015,84.3,37.6,7.3,3.6,1.9,6.7,35.2,7.7,28.3,52.7,12.9,6.1
HRV,2016,86.2,35.1,7.8,5.5,1.7,5,41.3,3.5,23.3,54.6,16.8,5.2
HRV,2017,88.3,40,11,5,2,3,38,1,21.8,54.5,17.5,6.07
HRV,2018,90.3,44.13,9.37,4.24,2.13,5.05,31.47,3.61,34.15,46.92,13.53,5.4
HRV,2019,92.3,44.1,9.3,4.3,2.1,5.1,31.4,3.6,34.2,47,13.6,5.39
HRV,2020,NA,NA,NA,NA,NA,NA,NA,NA,NA,NA,NA,NA
HUN,2009,NA,NA,NA,NA,NA,NA,NA,NA,NA,NA,NA,NA
HUN,2010,74.2,19.4,12.2,6.5,3.8,6.8,31.8,19.5,20.3,53.9,17.8,8
HUN,2011,76.3,21.4,11.8,8.6,3.4,4.8,24.7,25.4,24.9,50.8,14,10.4
HUN,2012,78.1,25.9,11.3,7.1,3.1,5.8,28.3,18.5,18.6,50.5,18.9,12
HUN,2013,80.1,27.3,12.8,6.3,2.8,4.7,30.5,15.5,13.1,52.9,22.3,11.7
HUN,2014,82.3,33.6,11.3,5.4,1.8,5.9,22.2,19.8,23.1,43.7,18.3,14.9
HUN,2015,84.3,30.7,12.1,6.3,4.7,5,36.2,5,26.8,46.3,18,9
HUN,2016,86.2,39.4,9.8,7.3,2.4,4.2,36.3,0.5,24.9,47.9,18.6,8.6
HUN,2017,88.3,41,11,7,3,3,34,1,31,47.5,12.7,8.74
HUN,2018,90.3,45.57,11.85,6.98,2.4,1.41,31.06,0.73,23.13,48.6,19.55,8.72
HUN,2019,92.3,45.6,11.8,7,2.4,1.4,31.1,0.7,23.1,48.6,19.6,8.73
HUN,2020,NA,NA,NA,NA,NA,NA,NA,NA,NA,NA,NA,NA
IRL,2009,NA,NA,NA,NA,NA,NA,NA,NA,NA,NA,NA,NA
IRL,2010,74.2,23.8,13.2,9.4,2.4,4.7,38.8,7.6,19.4,52.7,15.5,12.4
IRL,2011,76.3,18.9,18.1,7.8,2.4,5.2,39.6,8,25.1,54.7,12.9,7.3
IRL,2012,78.1,30.9,11.5,8.8,2.9,5.3,37.4,3.2,19.6,48.4,20.5,11.5
IRL,2013,80.1,36.2,12.5,5.2,2,6.2,34.9,2.9,19.1,56.5,16.8,7.6
IRL,2014,82.3,42.8,10.1,6.7,1.2,4.6,32.2,2.3,27,49.1,17.3,6.6
IRL,2015,84.3,47.6,10.4,4.1,0.8,2.7,29.1,5.2,27.9,52.3,12.7,7.2
IRL,2016,86.2,51.3,11.1,4.6,1.5,4.2,26.3,1,26.6,56.9,12.2,4.3
IRL,2017,88.3,49,14.3,5.4,1.5,3.7,24,2.1,28.5,47.1,14.1,7.55
IRL,2018,90.3,53.49,12.86,5.24,1.01,5.2,21.83,0.38,27.52,53.18,12.8,6.5
IRL,2019,92.3,52,13,5,1,5,21,0,27.5,53.2,12.9,6.54
IRL,2020,NA,NA,NA,NA,NA,NA,NA,NA,NA,NA,NA,NA
ISL,2009,NA,NA,NA,NA,NA,NA,NA,NA,NA,NA,NA,NA
ISL,2010,74.2,51.1,14.6,4.2,4.2,4,20.6,1.4,18.5,56,21.5,4
ISL,2011,76.3,53.8,9.4,4.2,4.4,6.4,21,0.6,20.1,56.5,19.7,3.6
ISL,2012,78.1,60.7,13,4.5,3,5.1,12.8,1,18.8,64.6,14.6,2.1
ISL,2013,80.1,NA,NA,NA,NA,NA,NA,NA,NA,NA,NA,NA
ISL,2014,82.3,NA,NA,NA,NA,NA,NA,NA,NA,NA,NA,NA
ISL,2015,84.3,NA,NA,NA,NA,NA,NA,NA,NA,NA,NA,NA
ISL,2016,86.2,NA,NA,NA,NA,NA,NA,NA,NA,NA,NA,NA
ISL,2017,88.3,NA,NA,NA,NA,NA,NA,NA,NA,NA,NA,NA
ISL,2018,90.3,NA,NA,NA,NA,NA,NA,NA,NA,NA,NA,NA
ISL,2019,92.3,NA,NA,NA,NA,NA,NA,NA,NA,NA,NA,NA
ISL,2020,NA,NA,NA,NA,NA,NA,NA,NA,NA,NA,NA,NA
ITA,2009,NA,NA,NA,NA,NA,NA,NA,NA,NA,NA,NA,NA
ITA,2010,74.2,15.1,9.3,7.1,2.9,8.1,49.2,8.5,15.1,55.4,20.5,9
ITA,2011,76.3,16.2,10.9,6.7,4.4,9.2,39.2,13.4,15.3,54.1,20.3,10.4
ITA,2012,78.1,25,10,7.8,3.3,7.4,38.9,7.7,17,50.5,19.2,13.3
ITA,2013,80.1,27.7,12,3.3,2.9,6.1,39.2,8.7,15.5,46.5,25.6,12.5
ITA,2014,82.3,28.7,10.6,5.6,3.9,8.2,31.5,11.6,16,53.6,20.8,9.7
ITA,2015,84.3,31.1,11.5,7.4,2.6,3.8,32.8,10.8,15.2,56.3,20.7,7.9
ITA,2016,86.2,31.3,12.3,9.1,3.2,4.6,35,4.6,17.8,56.6,19.4,6.1
ITA,2017,88.3,38,11.9,7.9,3.3,4,31.1,4,21.5,56.7,14.4,7.36
ITA,2018,90.3,38.48,13.5,8.67,2.66,4.23,28.07,4.38,16.2,52.37,21.79,9.65
ITA,2019,92.3,38.5,13.5,8.6,2.7,4.3,28,4.4,16.2,52.4,21.8,9.66
ITA,2020,NA,NA,NA,NA,NA,NA,NA,NA,NA,NA,NA,NA
LTU,2009,NA,NA,NA,NA,NA,NA,NA,NA,NA,NA,NA,NA
LTU,2010,74.2,19.2,9,4.8,3.4,7.4,53.5,2.7,14.9,62.3,16.7,6.1
LTU,2011,76.3,24.8,10.1,6,2.2,6.3,49.2,1.6,18.5,60,16.3,5.1
LTU,2012,78.1,27.8,11,4.8,1.4,3.6,48.9,2.6,17.2,51.9,23.8,7.1
LTU,2013,80.1,32.7,8.8,4.8,1.5,3.8,44.8,3.5,15.6,57.7,18,8.6
LTU,2014,82.3,32.8,9.8,4.4,1.2,3.4,41.2,7.1,20.1,56.7,17.7,5.5
LTU,2015,84.3,38.4,7.6,3.7,0.9,3.1,40.2,6.1,22.1,55,16,6.9
LTU,2016,86.2,47.3,6.3,2.6,0.9,1.5,36.8,4.5,28.5,59.4,10.3,1.8
LTU,2017,88.3,47.2,8.3,3.6,0.9,1.8,34.5,4,28.2,50.3,15.5,6.08
LTU,2018,90.3,51.28,7.48,4.53,1.04,1.1,31.73,2.84,25.3,56.07,15.31,3.32
LTU,2019,92.3,51.3,7.4,4.5,1,1.1,31.7,2.8,25.3,56.1,15.3,3.36
LTU,2020,NA,NA,NA,NA,NA,NA,NA,NA,NA,NA,NA,NA
LUX,2009,NA,NA,NA,NA,NA,NA,NA,NA,NA,NA,NA,NA
LUX,2010,74.2,19.1,13.3,4.3,3.1,6.8,46.9,6.4,15.2,37.9,25.9,21
LUX,2011,76.3,29.6,10.1,6.7,0.8,7.1,38.3,7.3,13.8,43.1,27.9,15.2
LUX,2012,78.1,31.9,9.2,4.6,2.4,4.2,39.4,8.4,16.6,40.3,28.5,14.6
LUX,2013,80.1,35.6,11.9,4.3,1.8,3.6,37.4,5.5,12.7,43.9,30.6,12.7
LUX,2014,82.3,38,9.8,2.4,2.4,5.3,36.6,5.5,9.7,48.2,26.3,15.8
LUX,2015,84.3,42.6,9.9,2.8,1.4,3.4,36.2,3.8,25.8,42.8,17.5,13.9
LUX,2016,86.2,41.6,11.4,4.8,3.2,6.2,31.3,1.6,14.9,49.3,25.4,10.4
LUX,2017,88.3,50.7,13.4,3.4,2,4.2,22.4,3.8,17,52,18,12.8
LUX,2018,90.3,48.32,10.06,4.96,1.72,6.15,28.05,0.73,20.21,48.34,21.48,9.96
LUX,2019,92.3,48.3,10.1,5,1.8,6.2,28,0.8,20.2,48.4,21.4,9.98
LUX,2020,NA,NA,NA,NA,NA,NA,NA,NA,NA,NA,NA,NA
LVA,2009,NA,NA,NA,NA,NA,NA,NA,NA,NA,NA,NA,NA
LVA,2010,74.2,32.5,10.7,6.5,3.2,4.7,36.8,5.7,23.5,58.4,13.2,4.9
LVA,2011,76.3,38.2,11.5,6.5,2.5,5.7,26.9,8.8,25.6,59.7,10.9,3.7
LVA,2012,78.1,44.2,10.8,4.8,2.4,5,28.6,4.2,23.7,58.8,13,4.5
LVA,2013,80.1,47.7,11.3,5.8,2.7,4.4,23.9,4.3,21,61.3,13.4,4.4
LVA,2014,82.3,42.8,10.4,5.1,2,3.8,30.7,5.2,24.2,60.6,11.6,3.7
LVA,2015,84.3,43.5,6.8,5.2,2,3.1,33.4,5.9,31.6,50.9,12.5,5
LVA,2016,86.2,50.4,8.3,3.8,1.8,2.5,28.9,4.2,37,51,8.7,3.3
LVA,2017,88.3,53.8,6.6,3.6,1.5,3.5,27.7,3.3,34.5,47.6,12.4,5.57
LVA,2018,90.3,56.63,7.93,4.14,1.85,2.29,25.01,2.15,36.01,47.22,11.33,5.43
LVA,2019,92.3,56.6,8,4.1,1.8,2.2,25.1,2.1,36.1,47.3,11.3,5.48
LVA,2020,NA,NA,NA,NA,NA,NA,NA,NA,NA,NA,NA,NA
MLT,2009,NA,NA,NA,NA,NA,NA,NA,NA,NA,NA,NA,NA
MLT,2010,74.2,28.2,8.7,4.2,0.8,3.8,45.7,8.7,26.6,48.2,15.9,9.3
MLT,2011,76.3,28.7,7,3.6,1.8,1.8,56.8,0.2,36.5,47.5,10.7,5.2
MLT,2012,78.1,39.2,6.2,4.2,2.8,2.2,36.6,8.7,28.2,49.6,7.2,5
MLT,2013,80.1,45.1,6.2,3,1.4,2.4,41.9,0,33.3,48.1,13.5,5
MLT,2014,82.3,45.7,9.9,3.6,0,3.4,26.8,10.5,43,48.3,6.4,2.3
MLT,2015,84.3,50.3,8.8,2.4,0.2,2.2,28.5,7.6,33.4,52.7,9.9,4
MLT,2016,86.2,54.2,6.9,2.2,0,1.8,30.8,4.1,35.8,57.4,5.8,1
MLT,2017,88.3,58.8,8.7,1.4,0.6,0.2,24.8,5.3,30.3,55.1,9.23,5.64
MLT,2018,90.3,54.57,8.42,3.66,0,2.05,18.87,12.43,24.63,63.04,8.45,3.88
MLT,2019,92.3,54.7,8.4,3.7,0,2,19,12.4,24.7,63.2,8.33,3.76
MLT,2020,NA,NA,NA,NA,NA,NA,NA,NA,NA,NA,NA,NA
NLD,2009,NA,NA,NA,NA,NA,NA,NA,NA,NA,NA,NA,NA
NLD,2010,74.2,29.7,12.4,9.3,4.1,9.3,34.1,1.2,16.9,43.5,26.8,12.8
NLD,2011,76.3,36.1,15.1,5.3,3.6,6.2,30.9,2.8,20.2,45.3,21.5,13
NLD,2012,78.1,42.3,11.7,5.9,3.2,6.1,29.1,1.7,20.6,45.7,24.3,9.4
NLD,2013,80.1,49.2,10.7,4.7,2.2,4.8,27.8,0.7,22.4,43,25,9.6
NLD,2014,82.3,47.8,12.2,4.5,3.5,5.4,25.7,1.1,19,47.7,24.3,9
NLD,2015,84.3,52.8,9.7,5.9,1.6,5.9,22.8,1.3,20.4,46.4,21,12.2
NLD,2016,86.2,54.5,11.4,4.3,1.4,5,23.3,0.2,21.5,48.3,20.9,9.4
NLD,2017,88.3,56,11,6,2,6,19,0,21.5,43.3,23,12.2
NLD,2018,90.3,55.41,11.86,4.49,1.59,6.46,19.66,0.53,19.24,45.41,23.18,12.17
NLD,2019,92.3,55,12,4,2,6,20,1,19.3,45.4,23.2,12.1
NLD,2020,NA,NA,NA,NA,NA,NA,NA,NA,NA,NA,NA,NA
POL,2009,NA,NA,NA,NA,NA,NA,NA,NA,NA,NA,NA,NA
POL,2010,74.2,15.4,9.5,7.6,4.2,8.6,37.1,17.6,14.4,61.1,19.8,4.7
POL,2011,76.3,17.5,12.1,6.3,3.1,5.9,37,18,19.4,58.4,18,4.3
POL,2012,78.1,17.3,13.8,8.5,3.3,4.9,47.6,4.5,12.8,60.6,22.9,3.7
POL,2013,80.1,20.9,11,7.7,3.5,4.9,43,9,17.8,56.6,22.3,3.3
POL,2014,82.3,24.3,13.9,7.8,4.7,7.8,30.1,11.5,19.9,60.1,15.7,4.3
POL,2015,84.3,28.2,11.9,8.1,3,3.8,41.5,3.6,23,55,16.2,5.8
POL,2016,86.2,27.7,14.1,7.2,3.2,4,42.9,0.9,25.2,59.7,12,3.1
POL,2017,88.3,37.6,14.1,6.4,1.6,3.3,34.6,2.3,27.9,56.6,11.5,4.06
POL,2018,90.3,40.75,12.95,6.27,1.59,2.8,34.4,1.24,22.12,60.05,14.49,3.34
POL,2019,92.3,40.8,13,6.3,1.6,2.8,34.4,1.3,22.1,60,14.4,3.32
POL,2020,NA,NA,NA,NA,NA,NA,NA,NA,NA,NA,NA,NA
PRT,2009,NA,NA,NA,NA,NA,NA,NA,NA,NA,NA,NA,NA
PRT,2010,74.2,12.1,6.6,6.5,2.8,4.2,52.3,15.5,8.4,55.8,23.5,12.3
PRT,2011,76.3,11.2,9.4,4,1.7,4,50.7,19.1,13.8,49.5,24.7,11.9
PRT,2012,78.1,18.4,7.6,3.9,1.3,4,50.4,14.3,12.9,48.6,21.9,16.6
PRT,2013,80.1,24.8,11.1,3.3,1,2.1,39.4,18.3,15.2,52.3,15.1,17.4
PRT,2014,82.3,27.6,11.9,5.9,1.7,3.4,36.4,13.2,20.3,51.3,14.7,13.7
PRT,2015,84.3,35.4,14.1,3.3,1.4,2.2,31.9,11.8,16.9,50.1,19.7,13.3
PRT,2016,86.2,41.7,11.5,4.6,0.7,2.8,34.7,3.9,15.3,58.2,14.9,11.6
PRT,2017,88.3,47.5,9.2,4.3,1.1,3.7,30,4.2,13.1,44.4,26.8,15.6
PRT,2018,90.3,52.16,10.96,1.92,0.4,1.06,28.48,5.01,11.42,54.7,22.77,11.11
PRT,2019,92.3,52.2,10.9,1.9,0.4,1.1,28.5,5,11.4,54.7,22.7,11.2
PRT,2020,NA,NA,NA,NA,NA,NA,NA,NA,NA,NA,NA,NA
ROU,2009,NA,NA,NA,NA,NA,NA,NA,NA,NA,NA,NA,NA
ROU,2010,74.2,11.8,7.9,4.2,2.9,6.1,50.3,16.8,17.7,52.9,19.7,9.7
ROU,2011,76.3,13.2,5.9,2.9,3.3,7,51.6,16.1,21.3,46.6,19.3,12.8
ROU,2012,78.1,17.9,6.3,4.2,2.3,4.6,53.5,11.2,14,56.1,21.8,8.2
ROU,2013,80.1,21.8,7.7,2.9,2.9,4.4,44.9,15.4,26.6,52.4,11.8,9.2
ROU,2014,82.3,28.4,8.7,4.7,1.6,4.7,37,14.9,24.1,52.6,14.1,9.2
ROU,2015,84.3,30.2,8.6,4.9,2.1,2.1,44.9,7.2,24.8,51,14,10.2
ROU,2016,86.2,35.6,11.1,4.2,2.2,2.4,44,0.5,24.8,47.3,20.2,7.7
ROU,2017,88.3,36,11,5,1,2,43,2,22.8,44.2,17,16
ROU,2018,90.3,41.56,10.02,3.62,0.92,2.58,40.63,0.68,22.14,50.18,23.5,4.18
ROU,2019,92.3,41.4,9.7,3.9,1,2.4,41.1,0.6,19.5,50.9,25.3,4.41
ROU,2020,NA,NA,NA,NA,NA,NA,NA,NA,NA,NA,NA,NA
SWE,2009,NA,NA,NA,NA,NA,NA,NA,NA,NA,NA,NA,NA
SWE,2010,74.2,35,9.6,6.1,3.7,10.7,31,3.8,32.9,44,18.8,4.3
SWE,2011,76.3,35.2,12.5,6.6,2.8,11.7,28.5,2.4,25.2,44.8,24.9,5.1
SWE,2012,78.1,42.8,9.8,5.4,4,10.3,26.3,1.4,28,46.8,19.8,5.5
SWE,2013,80.1,48.3,10.7,6.9,2.8,8.2,21.8,1.3,30.7,44.9,19.6,4.7
SWE,2014,82.3,52.9,10.3,4.5,2.2,5.3,21.7,3,31.5,45.1,17,6.4
SWE,2015,84.3,56,7.4,5.4,2.1,6.8,19,3.3,31.5,40.5,18,10
SWE,2016,86.2,56.8,9.5,6.8,1.1,4.2,20.6,1.1,31.3,42.8,17.2,8.7
SWE,2017,88.3,60,8,5,3,6,17,1,25.8,44.1,17.1,13.1
SWE,2018,90.3,59.87,9.04,5.01,2.22,4.69,18.44,0.73,27.7,39.67,21.84,10.79
SWE,2019,92.3,60,9,5,2,5,18,1,27.7,39.6,21.8,10.7
SWE,2020,NA,NA,NA,NA,NA,NA,NA,NA,NA,NA,NA,NA
SVN,2009,NA,NA,NA,NA,NA,NA,NA,NA,NA,NA,NA,NA
SVN,2010,74.2,20.7,8.4,5.1,1.9,8.9,38.2,16.8,21,49.8,17.6,11.7
SVN,2011,76.3,25.5,9.8,4.2,0.8,6.2,40.5,12.9,25.5,56.6,13.3,4.6
SVN,2012,78.1,27.3,8.9,4.5,1.6,6.6,43.9,7.2,28.6,51.9,15.4,4
SVN,2013,80.1,30.7,10.4,3.1,1.6,7.9,37.9,8.3,26.4,45,20.4,8.2
SVN,2014,82.3,30.4,10.8,4.1,1.1,11.7,33.3,8.6,26.4,52.2,13.6,7.8
SVN,2015,84.3,31.9,8.2,4.8,1.3,5.9,40,8.1,32,49,11.9,7.1
SVN,2016,86.2,38.1,7.7,3.7,0.7,7.7,37,5.1,28.1,54.7,10.6,6.6
SVN,2017,88.3,39.4,10.1,4.1,1,6.7,33.7,5.1,26.9,48.7,15.9,8.38
SVN,2018,90.3,44.19,8.06,2.95,1.52,8.07,30.27,4.94,30.14,47.31,15.43,7.12
SVN,2019,92.3,44.2,8,3,1.5,8,30.3,5,30.2,47.3,15.5,7.13
SVN,2020,NA,NA,NA,NA,NA,NA,NA,NA,NA,NA,NA,NA
SVK,2009,NA,NA,NA,NA,NA,NA,NA,NA,NA,NA,NA,NA
SVK,2010,74.2,19.9,9.5,7.3,3.6,11.7,43.5,4.5,14.4,56,21,8.6
SVK,2011,76.3,24.8,10.6,7.3,2.5,9.5,37.8,7.4,21.3,56.7,16.8,5.2
SVK,2012,78.1,26.8,10.6,6.7,2.5,8.8,37.7,6.8,18.9,58.5,18.1,4.5
SVK,2013,80.1,32.6,11.3,4.2,1.8,6.8,35.9,7.3,17,56.6,19.5,7
SVK,2014,82.3,28,12.6,5,2.3,7.2,33.3,11.5,20.6,55.1,17.8,6.6
SVK,2015,84.3,32.1,12.4,6.4,1.8,4.5,38.1,4.8,27.6,52.9,12.5,7
SVK,2016,86.2,38.5,12.1,5.8,2.3,3.2,34.7,3.3,25,54.9,14,6.1
SVK,2017,88.3,40.1,13,5.7,1.3,3.5,34.6,1.9,30.2,51.2,11.7,6.86
SVK,2018,90.3,41.99,10.75,4.76,2.46,5.08,33.09,1.87,22.86,60.21,14.32,2.61
SVK,2019,92.3,41.7,10.7,4.8,2.5,5.1,33.2,1.9,23,60,14.4,2.66
SVK,2020,NA,NA,NA,NA,NA,NA,NA,NA,NA,NA,NA,NA
NOR,2009,NA,NA,NA,NA,NA,NA,NA,NA,NA,NA,NA,NA
NOR,2010,NA,NA,NA,NA,NA,NA,NA,NA,NA,NA,NA,NA
NOR,2011,NA,NA,NA,NA,NA,NA,NA,NA,NA,NA,NA,NA
NOR,2012,NA,NA,NA,NA,NA,NA,NA,NA,NA,NA,NA,NA
NOR,2013,NA,NA,NA,NA,NA,NA,NA,NA,NA,NA,NA,NA
NOR,2014,NA,NA,NA,NA,NA,NA,NA,NA,NA,NA,NA,NA
NOR,2015,NA,NA,NA,NA,NA,NA,NA,NA,NA,NA,NA,NA
NOR,2016,NA,NA,NA,NA,NA,NA,NA,NA,NA,NA,NA,NA
NOR,2017,NA,NA,NA,NA,NA,NA,NA,NA,NA,NA,NA,NA
NOR,2018,NA,NA,NA,NA,NA,NA,NA,NA,NA,NA,NA,NA
NOR,2019,NA,NA,NA,NA,NA,NA,NA,NA,NA,NA,NA,NA
NOR,2020,NA,NA,NA,NA,NA,NA,NA,NA,NA,NA,NA,NA
CHE,2009,NA,NA,NA,NA,NA,NA,NA,NA,NA,NA,NA,NA
CHE,2010,NA,NA,NA,NA,NA,NA,NA,NA,NA,NA,NA,NA
CHE,2011,NA,NA,NA,NA,NA,NA,NA,NA,NA,NA,NA,NA
CHE,2012,NA,NA,NA,NA,NA,NA,NA,NA,NA,NA,NA,NA
CHE,2013,NA,NA,NA,NA,NA,NA,NA,NA,NA,NA,NA,NA
CHE,2014,NA,NA,NA,NA,NA,NA,NA,NA,NA,NA,NA,NA
CHE,2015,NA,NA,NA,NA,NA,NA,NA,NA,NA,NA,NA,NA
CHE,2016,NA,NA,NA,NA,NA,NA,NA,NA,NA,NA,NA,NA
CHE,2017,NA,NA,NA,NA,NA,NA,NA,NA,NA,NA,NA,NA
CHE,2018,NA,NA,NA,NA,NA,NA,NA,NA,NA,NA,NA,NA
CHE,2019,NA,NA,NA,NA,NA,NA,NA,NA,NA,NA,NA,NA
CHE,2020,NA,NA,NA,NA,NA,NA,NA,NA,NA,NA,NA,NA